item_id,construction_type_T1,construction_type_T2,mapping_direction_T1,mapping_direction_T2,source_domain_T1,source_domain_T2,target_domain_T1,target_domain_T2,domain_pair_T1,domain_pair_T2,link_type_T1,link_type_T2,inter_construction_links_T1,inter_construction_links_T2,function_in_network_T1,function_in_network_T2,prototype_distance_T1,prototype_distance_T2,cognitive_stage_T1,cognitive_stage_T2,metaphor_type_T1,metaphor_type_T2,semantic_category_T1,semantic_category_T2,copula_type_T1,copula_type_T2,complement_type_T1,complement_type_T2,modality_marker_T1,modality_marker_T2,negation_marker_T1,negation_marker_T2,genre_T1,genre_T2,cognitive_accessibility_T1,cognitive_accessibility_T2,conceptual_complexity_T1,conceptual_complexity_T2,embodied_experience_T1,embodied_experience_T2,cultural_specificity_T1,cultural_specificity_T2,mapping_transparency_T1,mapping_transparency_T2,conventionality_T1,conventionality_T2,productivity_T1,productivity_T2,systematicity_T1,systematicity_T2,entrenchment_T1,entrenchment_T2,reference_point_salience_T1,reference_point_salience_T2,dominion_scope_T1,dominion_scope_T2,mental_contact_T1,mental_contact_T2,target_activation_T1,target_activation_T2,imageability_T1,imageability_T2,emotional_valence_T1,emotional_valence_T2,information_structure_T1,information_structure_T2
1,12,12,具体-具体,具体-具体,空间,空间,事件,事件,11,11,隐喻扩展,隐喻扩展,无,无,边缘,边缘,核心,核心,阶段3,阶段3,本体隐喻,本体隐喻,9,9,成为,成为,动词性,动词性,无,无,有,有,网络,网络,2.5,2.0,3.0,3.1,2.7,2.6,3.8,3.7,4.2,4.4,4.1,3.9,2.0,1.9,2.6,2.9,2.7,3.2,4.2,4.4,4.5,4.3,1.5,1.4,3.5,3.4,4.1,4.6,3.2,3.4,4.2,4.4
2,6,6,具体-抽象,具体-抽象,运动,运动,状态,状态,20,20,多义,多义,无,有,核心,核心,核心,核心,阶段2,阶段2,本体隐喻,本体隐喻,1,1,为,为,动词性,动词性,有,有,有,有,文学,文学,1.5,1.5,2.9,2.9,1.4,1.4,2.1,2.0,2.8,2.6,3.0,3.1,2.8,3.0,4.2,4.4,2.1,2.1,3.1,3.2,2.0,2.1,3.4,3.6,4.2,4.2,2.4,2.7,3.7,3.6,1.4,1.5
3,2,9,抽象-抽象,抽象-抽象,社会,社会,关系,关系,14,14,多义,实例,有,有,边缘,边缘,中间,中间,阶段3,阶段3,本体隐喻,本体隐喻,2,2,为,为,形容词性,形容词性,有,有,有,有,文学,文学,4.6,4.2,1.8,1.8,3.7,3.6,2.2,2.1,4.5,4.4,2.4,2.2,2.5,2.7,4.4,4.5,4.2,4.5,2.2,2.2,2.1,2.2,3.7,3.6,2.3,2.1,3.1,3.5,1.8,1.7,1.8,2.0
4,1,1,具体-具体,具体-具体,心理,心理,状态,状态,2,2,实例,实例,无,无,桥接,桥接,中间,中间,阶段3,阶段3,本体隐喻,本体隐喻,4,4,是,是,名词性,名词性,无,无,无,无,新闻,新闻,4.3,3.9,2.8,2.6,4.3,4.4,3.9,4.1,2.3,2.2,4.4,4.4,1.8,1.9,4.5,4.4,3.4,3.7,3.2,2.9,3.0,3.0,4.3,4.4,3.9,3.8,2.6,2.9,4.6,4.6,3.4,3.7
5,11,11,具体-抽象,具体-抽象,空间,空间,状态,状态,24,24,实例,实例,有,有,桥接,桥接,边缘,边缘,阶段4,阶段4,本体隐喻,方位隐喻,5,5,变成,变成,名词性,名词性,无,有,无,无,对话,对话,2.9,2.5,4.8,4.6,4.1,4.3,1.7,1.9,3.2,3.3,3.7,3.6,3.6,3.5,2.5,2.3,2.1,2.2,3.7,3.6,3.2,3.2,3.4,3.4,3.1,2.9,3.7,3.7,2.3,2.4,3.7,3.6
6,10,10,抽象-具体,抽象-具体,社会,社会,事件,事件,16,16,子部分,子部分,有,有,边缘,边缘,边缘,边缘,阶段1,阶段1,结构隐喻,结构隐喻,7,7,算,算,形容词性,形容词性,无,无,无,无,文学,文学,2.6,2.8,2.6,2.5,4.0,3.8,2.7,2.8,1.9,1.8,4.5,4.5,2.0,1.8,3.5,3.7,3.2,2.7,2.2,2.1,2.8,2.7,2.3,2.2,3.6,3.4,3.7,3.4,4.6,4.2,2.3,1.8
7,6,6,抽象-具体,抽象-具体,空间,空间,事件,事件,8,8,隐喻扩展,隐喻扩展,无,无,桥接,桥接,边缘,边缘,阶段3,阶段3,方位隐喻,方位隐喻,5,5,是,成为,动词性,动词性,无,无,有,有,文学,文学,2.8,3.0,3.5,3.7,2.1,2.1,2.0,1.9,2.0,2.2,2.1,2.2,1.6,1.4,3.9,3.9,1.8,1.8,2.9,2.8,3.2,3.5,4.4,4.3,3.0,3.4,2.2,2.0,3.4,3.7,3.3,3.6
8,5,5,抽象-具体,抽象-具体,感知,感知,状态,状态,15,15,子部分,子部分,无,无,核心,核心,中间,中间,阶段1,阶段1,结构隐喻,结构隐喻,6,6,成为,成为,名词性,名词性,有,有,有,有,文学,学术,2.1,2.1,3.1,3.0,2.3,2.8,3.3,3.3,3.9,3.6,4.1,4.1,3.4,3.2,3.0,3.2,4.3,4.2,3.5,3.4,4.2,4.1,4.3,4.2,3.5,3.6,2.0,2.0,3.5,3.6,4.2,4.3
9,1,1,具体-抽象,具体-抽象,运动,运动,抽象概念,抽象概念,5,5,隐喻扩展,多义,无,无,核心,核心,边缘,边缘,阶段2,阶段2,本体隐喻,本体隐喻,1,1,像,像,形容词性,形容词性,有,有,有,有,文学,文学,3.2,3.5,3.9,4.0,2.5,2.9,2.9,3.1,4.2,4.3,4.0,4.2,1.6,1.8,3.1,3.0,2.9,2.8,1.8,1.6,3.2,2.9,4.3,4.3,2.2,2.3,1.8,2.0,4.1,4.3,3.8,4.0
10,4,4,具体-具体,抽象-具体,社会,社会,抽象概念,抽象概念,7,7,实例,实例,有,有,核心,核心,核心,核心,阶段1,阶段1,方位隐喻,方位隐喻,5,5,为,为,动词性,动词性,有,有,有,有,新闻,新闻,4.4,4.7,3.8,3.8,2.9,2.7,3.8,3.5,4.2,4.1,4.1,4.1,1.7,1.8,3.6,3.8,1.6,1.6,2.1,1.9,4.7,4.6,3.8,3.7,4.5,4.4,1.7,1.9,4.3,4.1,1.7,1.7
11,5,5,具体-抽象,具体-抽象,运动,运动,社会角色,社会角色,12,12,多义,多义,有,有,核心,核心,核心,边缘,阶段1,阶段1,本体隐喻,本体隐喻,5,5,为,为,名词性,名词性,有,有,无,无,新闻,新闻,1.8,1.7,4.4,4.4,3.0,3.0,2.4,2.4,3.9,4.0,3.8,4.0,1.7,1.8,3.0,3.0,2.0,2.0,3.6,3.4,4.5,4.2,4.1,4.1,3.0,3.0,2.2,2.2,2.3,2.4,1.6,1.5
12,8,8,抽象-具体,抽象-具体,心理,心理,状态,状态,5,5,实例,实例,无,无,边缘,边缘,中间,中间,阶段3,阶段3,方位隐喻,本体隐喻,2,6,是,算,形容词性,形容词性,无,无,无,有,网络,网络,3.9,3.7,3.4,3.5,4.3,4.3,2.5,2.8,3.4,3.0,3.9,3.8,4.5,4.1,3.1,3.2,2.8,3.1,2.6,2.4,4.0,3.6,2.2,2.3,4.0,4.0,2.6,2.5,3.4,3.8,2.9,2.9
13,1,1,抽象-抽象,抽象-抽象,人体,社会,事件,状态,5,5,子部分,子部分,无,有,桥接,桥接,边缘,核心,阶段4,阶段4,本体隐喻,本体隐喻,8,8,变成,变成,动词性,名词性,无,无,有,有,网络,网络,1.6,1.7,4.4,4.3,1.7,1.7,2.1,2.2,1.8,1.7,3.9,4.1,1.9,1.9,2.9,2.5,2.1,2.3,1.8,1.6,3.9,3.6,3.5,3.3,1.4,1.4,3.4,3.3,2.9,3.1,2.5,2.8
14,3,3,抽象-抽象,抽象-抽象,空间,空间,抽象概念,抽象概念,8,8,隐喻扩展,子部分,有,有,核心,核心,边缘,边缘,阶段2,阶段2,本体隐喻,本体隐喻,9,9,为,为,动词性,动词性,无,无,无,无,对话,对话,4.0,4.2,1.5,1.6,3.8,3.9,1.9,1.8,2.7,2.6,4.2,4.2,3.8,4.1,3.7,3.7,3.6,3.5,3.7,3.8,3.9,3.8,2.4,2.2,1.7,2.1,3.7,3.5,2.8,2.8,1.7,2.0
15,9,9,具体-抽象,具体-抽象,人体,心理,关系,关系,2,2,隐喻扩展,隐喻扩展,有,无,边缘,边缘,中间,中间,阶段1,阶段1,结构隐喻,结构隐喻,3,3,变成,变成,动词性,动词性,有,有,有,有,新闻,新闻,2.0,2.1,2.8,2.8,3.2,3.5,2.2,2.2,2.3,2.4,2.8,2.6,3.7,4.1,4.2,3.9,2.9,2.7,2.1,2.1,3.9,4.1,2.5,2.6,2.6,2.4,2.1,1.9,1.7,1.4,1.9,2.2
16,12,12,具体-具体,具体-具体,运动,运动,品质,品质,15,15,隐喻扩展,隐喻扩展,无,无,桥接,桥接,中间,中间,阶段4,阶段4,方位隐喻,方位隐喻,9,9,成为,成为,名词性,名词性,无,无,无,无,新闻,新闻,2.9,3.0,3.5,3.6,3.6,3.7,4.0,4.1,2.3,2.2,2.2,2.2,4.0,3.8,2.9,2.9,3.1,3.2,1.7,1.7,3.8,3.9,3.8,4.0,3.8,3.7,2.3,2.1,3.2,3.0,4.4,4.4
17,12,12,具体-抽象,具体-具体,运动,运动,关系,关系,8,8,子部分,隐喻扩展,无,无,桥接,桥接,中间,中间,阶段4,阶段4,本体隐喻,结构隐喻,9,9,成为,成为,形容词性,形容词性,有,有,无,无,网络,网络,3.1,2.9,2.8,2.9,4.5,4.1,2.9,2.6,4.5,4.4,1.8,1.7,3.2,3.5,3.0,2.8,3.0,3.2,3.2,3.3,3.5,3.7,3.7,3.8,2.3,2.3,3.3,3.2,1.7,1.9,2.6,2.7
18,2,2,抽象-具体,抽象-具体,人体,人体,事件,事件,8,8,实例,实例,有,无,边缘,边缘,中间,中间,阶段1,阶段3,本体隐喻,本体隐喻,9,9,为,为,名词性,名词性,有,有,有,有,新闻,新闻,3.5,3.4,4.3,4.4,4.3,4.1,3.1,3.1,2.0,2.2,2.3,2.3,2.1,2.2,4.1,4.4,4.3,4.6,4.1,4.4,4.1,4.1,4.4,4.1,3.5,3.9,3.9,3.9,2.0,2.3,2.0,2.2
19,5,5,具体-抽象,具体-具体,运动,运动,抽象概念,抽象概念,19,19,实例,实例,有,有,边缘,核心,核心,核心,阶段2,阶段2,本体隐喻,本体隐喻,4,4,是,是,介词短语,介词短语,有,有,有,有,学术,学术,3.5,3.3,2.0,1.8,1.4,1.6,3.6,3.7,2.8,3.1,3.9,4.2,3.5,3.7,3.1,3.2,4.4,4.2,3.0,2.8,2.9,2.7,4.0,3.8,1.9,1.7,4.1,4.0,1.3,1.6,1.7,1.9
20,11,11,抽象-抽象,抽象-抽象,社会,社会,关系,关系,7,7,实例,实例,无,无,边缘,边缘,中间,中间,阶段1,阶段1,方位隐喻,结构隐喻,6,6,变成,变成,动词性,动词性,有,有,无,无,对话,对话,3.5,3.6,3.1,3.0,4.0,4.0,4.0,3.9,4.2,4.4,4.7,4.6,3.2,3.3,3.0,2.7,2.6,2.6,2.2,2.3,3.1,3.0,2.7,2.2,2.7,2.8,2.6,2.7,2.9,2.6,3.2,3.2
21,11,11,抽象-抽象,抽象-抽象,心理,心理,状态,状态,16,16,实例,实例,有,有,边缘,边缘,中间,中间,阶段4,阶段4,结构隐喻,结构隐喻,8,8,成为,成为,名词性,介词短语,无,无,有,有,学术,学术,4.0,4.0,4.2,4.2,2.2,2.1,1.6,1.5,1.4,1.8,2.8,2.8,3.0,3.0,4.4,4.6,4.1,4.2,3.1,3.4,4.0,4.2,4.0,4.2,2.6,2.4,3.1,3.0,4.4,4.5,2.9,3.2
22,12,12,具体-具体,具体-具体,心理,心理,情感,情感,24,24,子部分,子部分,有,有,核心,核心,边缘,边缘,阶段1,阶段1,本体隐喻,本体隐喻,3,3,是,是,名词性,名词性,无,无,无,无,学术,学术,1.6,1.6,3.9,3.8,2.0,1.9,2.1,2.0,4.0,3.8,3.0,2.9,3.3,3.3,2.0,1.7,4.7,4.5,3.2,3.4,1.9,1.8,1.4,1.8,1.7,1.9,3.6,3.6,4.1,3.7,2.3,2.4
23,8,8,具体-抽象,具体-抽象,物体,物体,关系,关系,17,17,多义,多义,无,无,边缘,边缘,中间,中间,阶段1,阶段1,方位隐喻,方位隐喻,4,4,变成,变成,介词短语,介词短语,有,无,有,有,新闻,新闻,3.7,3.4,3.9,3.9,4.4,4.1,2.8,2.8,2.9,3.2,2.8,2.8,1.8,1.8,3.2,3.2,4.1,4.1,4.2,4.3,3.8,3.7,1.9,1.8,3.8,3.9,2.4,2.3,1.7,1.6,2.7,2.8
24,10,10,抽象-抽象,抽象-抽象,运动,感知,抽象概念,抽象概念,4,4,多义,多义,无,无,边缘,边缘,边缘,边缘,阶段4,阶段4,结构隐喻,结构隐喻,8,8,是,是,形容词性,形容词性,有,有,有,有,对话,对话,1.6,1.7,3.0,3.0,4.6,4.3,2.2,2.1,2.7,2.6,3.2,3.1,2.4,2.5,1.7,1.7,1.8,2.0,4.4,4.4,3.5,3.8,2.1,2.3,4.1,4.1,1.7,1.5,3.4,3.6,2.0,1.8
25,8,8,抽象-具体,抽象-具体,人体,人体,状态,情感,20,20,实例,实例,有,有,桥接,桥接,中间,中间,阶段3,阶段4,方位隐喻,方位隐喻,7,7,像,像,形容词性,介词短语,无,无,无,无,新闻,新闻,3.8,4.0,2.5,2.7,2.9,2.9,2.8,2.8,4.3,4.6,3.1,3.1,4.4,4.5,2.9,2.8,2.5,2.5,2.7,2.6,2.0,2.1,3.7,4.0,4.3,4.1,2.9,2.8,3.7,3.8,3.8,3.7
26,10,10,抽象-具体,抽象-具体,自然,自然,时间,时间,11,11,子部分,子部分,有,无,边缘,边缘,中间,中间,阶段1,阶段1,本体隐喻,结构隐喻,8,8,成为,成为,动词性,动词性,有,有,有,有,对话,对话,3.7,3.9,2.9,3.1,1.6,1.8,3.2,3.4,2.3,2.6,3.5,3.5,4.0,4.1,2.3,2.4,1.9,1.9,3.6,3.7,2.7,2.7,4.4,4.4,2.4,2.2,4.6,4.4,3.8,3.9,3.6,3.7
27,4,4,抽象-抽象,抽象-抽象,物体,物体,时间,时间,13,13,子部分,隐喻扩展,无,无,核心,核心,核心,核心,阶段2,阶段2,本体隐喻,结构隐喻,4,4,像,像,名词性,名词性,无,无,有,有,学术,学术,2.0,2.1,2.0,1.9,4.0,3.9,2.8,3.3,2.1,2.0,2.4,2.3,2.7,2.7,2.4,3.0,3.7,3.5,4.2,4.4,3.7,4.0,3.5,3.4,4.3,4.6,2.6,2.6,3.7,3.7,1.5,1.5
28,5,5,具体-抽象,具体-抽象,社会,社会,状态,状态,16,16,隐喻扩展,隐喻扩展,有,有,桥接,桥接,核心,边缘,阶段2,阶段2,结构隐喻,结构隐喻,6,6,成为,像,动词性,动词性,无,无,有,有,文学,文学,2.2,1.9,3.4,3.3,3.8,3.9,3.5,3.6,3.5,3.4,2.8,2.6,4.4,4.3,4.1,4.3,2.7,2.6,3.2,3.3,3.5,3.3,4.2,4.6,4.0,3.9,2.4,2.2,1.8,1.9,2.1,2.0
29,8,8,具体-具体,具体-具体,空间,社会,品质,品质,4,4,实例,实例,无,无,边缘,核心,边缘,边缘,阶段1,阶段1,本体隐喻,本体隐喻,2,2,变成,为,形容词性,形容词性,有,有,有,有,对话,对话,1.9,1.8,3.8,4.0,2.3,2.1,1.6,1.6,2.6,2.6,2.7,2.7,1.3,1.7,3.0,3.1,2.0,2.1,4.2,4.1,3.4,3.7,3.2,3.3,2.2,2.3,3.8,4.0,3.5,3.4,1.6,1.8
30,11,11,抽象-抽象,具体-具体,自然,自然,事件,事件,12,12,隐喻扩展,隐喻扩展,有,有,边缘,边缘,核心,核心,阶段4,阶段4,本体隐喻,本体隐喻,7,7,为,为,形容词性,名词性,有,有,无,无,学术,学术,2.3,2.4,1.7,1.7,4.2,4.4,3.2,3.2,2.4,2.5,2.4,2.7,2.5,2.6,3.2,3.2,2.2,2.2,3.0,3.2,2.1,2.5,4.3,4.3,3.9,4.2,4.1,4.4,2.1,2.2,1.8,1.8
31,7,3,抽象-具体,抽象-具体,物体,物体,抽象概念,抽象概念,24,24,子部分,子部分,有,有,桥接,桥接,边缘,边缘,阶段1,阶段1,本体隐喻,本体隐喻,5,5,是,是,名词性,名词性,无,无,有,有,新闻,新闻,3.0,3.2,3.3,3.3,3.6,3.8,3.8,3.6,4.3,4.2,3.9,4.1,3.4,3.1,2.6,2.4,2.4,2.7,3.3,3.1,3.9,3.8,2.7,2.9,2.2,2.0,3.7,3.8,3.5,3.3,4.3,4.3
32,4,4,具体-抽象,具体-抽象,空间,空间,事件,事件,5,5,实例,实例,有,有,边缘,边缘,边缘,边缘,阶段4,阶段4,方位隐喻,方位隐喻,1,1,为,为,名词性,名词性,有,有,有,有,新闻,新闻,2.7,2.3,3.4,3.2,2.8,3.1,4.7,4.6,2.4,2.3,3.1,3.3,3.4,3.4,4.4,4.4,3.4,3.4,1.9,1.8,1.8,2.0,4.4,4.3,1.9,2.0,3.1,3.1,3.4,3.5,3.0,2.8
33,8,8,具体-抽象,具体-抽象,物体,物体,事件,事件,13,13,实例,实例,无,有,边缘,边缘,边缘,边缘,阶段1,阶段1,方位隐喻,方位隐喻,7,7,变成,变成,动词性,动词性,无,无,无,无,学术,学术,2.4,2.2,2.3,2.4,3.0,2.8,1.5,1.8,3.4,3.0,3.3,3.1,4.0,3.9,4.5,4.1,3.3,3.6,2.7,2.6,4.5,4.6,2.0,2.1,3.8,4.3,4.0,4.1,1.6,1.6,1.9,1.9
34,10,10,具体-具体,具体-具体,人体,人体,状态,状态,14,14,子部分,子部分,无,无,边缘,边缘,边缘,边缘,阶段3,阶段3,方位隐喻,方位隐喻,8,8,成为,成为,介词短语,形容词性,无,无,有,有,网络,网络,3.5,3.1,4.4,4.6,2.4,2.5,1.4,1.8,3.3,3.6,2.2,2.6,3.6,3.9,3.9,4.2,1.8,1.6,1.6,1.5,2.0,1.9,2.1,2.1,4.1,4.2,3.0,3.3,2.9,2.9,4.3,4.2
35,7,7,抽象-抽象,抽象-抽象,运动,运动,品质,品质,16,16,多义,多义,有,有,桥接,桥接,核心,核心,阶段2,阶段3,本体隐喻,本体隐喻,8,8,成为,成为,名词性,名词性,无,有,有,有,文学,文学,2.7,3.1,2.8,2.9,3.7,3.8,2.6,2.6,2.9,2.9,2.6,2.9,3.7,3.8,3.7,3.7,4.5,4.4,3.8,3.9,3.1,3.4,2.0,2.1,2.8,3.0,2.2,2.6,2.3,2.3,3.0,2.8
36,2,2,具体-具体,具体-具体,心理,心理,事件,情感,17,17,实例,实例,无,无,核心,核心,边缘,边缘,阶段4,阶段4,本体隐喻,本体隐喻,2,2,像,像,介词短语,介词短语,有,有,有,有,网络,对话,1.8,1.8,4.1,4.3,3.2,3.4,2.5,2.4,2.4,2.5,2.6,2.7,4.4,4.4,2.6,2.6,1.7,1.5,2.9,2.7,3.8,4.1,2.1,2.1,3.6,3.5,4.4,4.2,4.1,3.9,3.7,3.5
37,7,7,抽象-抽象,抽象-抽象,空间,空间,品质,抽象概念,3,3,多义,多义,有,有,桥接,桥接,中间,中间,阶段2,阶段2,本体隐喻,本体隐喻,7,7,算,算,名词性,名词性,无,无,无,无,新闻,新闻,2.4,2.5,1.8,2.2,3.9,4.1,3.9,4.0,3.1,3.0,4.5,4.3,3.3,3.3,2.0,1.9,4.2,4.4,4.0,4.4,1.6,1.4,2.9,2.6,2.4,2.3,3.7,3.3,4.1,4.3,4.4,4.8
38,12,7,抽象-抽象,抽象-抽象,运动,运动,抽象概念,抽象概念,23,23,实例,实例,无,有,桥接,桥接,中间,中间,阶段2,阶段2,结构隐喻,结构隐喻,6,6,成为,像,形容词性,形容词性,无,无,无,无,新闻,新闻,4.5,4.4,3.9,3.8,3.2,3.0,1.9,2.2,2.5,2.5,1.6,1.4,1.7,1.4,4.4,3.8,2.5,2.3,1.8,1.6,3.4,3.7,3.2,2.9,3.9,4.0,2.0,2.0,3.2,3.2,4.4,4.2
39,2,2,具体-抽象,具体-抽象,感知,感知,关系,关系,19,19,多义,多义,有,有,核心,核心,边缘,边缘,阶段1,阶段1,方位隐喻,方位隐喻,5,4,为,像,动词性,动词性,有,无,无,无,学术,学术,3.6,3.5,1.8,1.8,1.7,1.6,2.0,2.4,1.3,1.8,2.0,1.9,3.2,3.7,2.9,3.4,4.4,4.3,1.6,1.4,2.3,2.3,3.5,3.9,4.1,4.1,2.4,2.5,3.2,3.0,4.3,4.3
40,7,7,具体-抽象,具体-抽象,物体,物体,时间,时间,4,4,隐喻扩展,隐喻扩展,无,无,桥接,边缘,中间,中间,阶段4,阶段4,方位隐喻,方位隐喻,7,7,是,是,动词性,动词性,无,无,无,有,网络,网络,4.1,4.3,1.9,2.2,4.0,4.1,4.2,4.0,2.5,2.4,3.7,3.4,3.5,3.9,3.5,3.1,4.1,3.8,2.5,2.6,2.1,1.9,2.2,2.2,2.1,1.9,3.4,3.4,1.8,1.6,3.9,3.9
41,9,9,抽象-具体,抽象-具体,物体,物体,抽象概念,抽象概念,8,21,实例,实例,有,有,核心,核心,核心,核心,阶段3,阶段3,方位隐喻,方位隐喻,2,2,像,是,动词性,动词性,无,无,无,无,新闻,新闻,3.0,2.9,2.3,1.9,3.1,2.7,2.7,2.8,3.3,3.2,3.4,3.3,4.2,4.4,1.7,1.7,2.9,3.0,4.5,4.3,2.0,1.7,4.2,4.1,3.7,3.4,3.9,3.9,2.5,2.6,3.7,3.7
42,11,11,具体-抽象,具体-抽象,心理,心理,抽象概念,抽象概念,16,16,多义,多义,无,无,桥接,边缘,核心,核心,阶段1,阶段1,本体隐喻,本体隐喻,4,4,成为,成为,介词短语,介词短语,有,有,无,无,网络,网络,2.0,1.7,3.8,3.7,3.8,3.7,3.6,3.6,1.8,1.9,3.6,3.6,2.7,2.9,3.9,4.0,3.7,3.6,4.4,4.3,2.3,2.1,3.9,4.0,4.2,4.3,4.2,4.5,1.9,2.1,2.1,1.9
43,2,2,抽象-具体,抽象-具体,感知,感知,状态,状态,22,22,多义,多义,无,无,核心,边缘,中间,中间,阶段4,阶段4,结构隐喻,结构隐喻,3,3,是,是,动词性,动词性,无,有,有,有,文学,文学,4.0,3.9,4.4,4.5,2.1,2.3,2.1,2.2,3.6,3.6,1.9,1.6,1.9,1.6,3.3,3.2,3.7,3.6,3.6,3.2,3.6,3.2,3.6,3.8,3.7,3.7,2.1,2.1,3.7,3.7,2.0,1.9
44,3,3,具体-具体,具体-具体,感知,感知,时间,时间,13,13,子部分,子部分,有,有,桥接,桥接,核心,核心,阶段4,阶段3,方位隐喻,方位隐喻,5,5,为,为,名词性,名词性,有,有,无,无,网络,网络,1.7,1.9,3.9,4.1,2.1,2.2,3.6,3.2,1.6,1.5,4.0,4.2,1.9,1.8,2.2,2.1,4.0,4.2,2.3,2.4,4.4,4.7,4.4,4.5,3.8,3.7,4.0,4.1,4.4,4.4,2.5,2.7
45,10,10,具体-具体,具体-具体,物体,物体,品质,品质,5,5,实例,实例,有,无,桥接,桥接,边缘,边缘,阶段2,阶段2,方位隐喻,方位隐喻,8,8,算,算,名词性,名词性,无,无,无,无,网络,网络,4.5,4.1,3.0,2.7,2.5,2.7,4.2,4.3,3.1,3.3,4.2,4.3,4.3,4.4,1.9,2.0,3.2,3.2,2.9,3.0,3.3,3.2,1.5,1.7,2.1,2.0,1.7,1.9,3.9,4.1,4.0,4.2
46,12,12,具体-抽象,抽象-具体,空间,空间,社会角色,社会角色,17,17,实例,实例,有,有,边缘,边缘,边缘,边缘,阶段2,阶段2,方位隐喻,方位隐喻,8,8,像,像,名词性,介词短语,有,有,有,有,文学,文学,2.5,2.4,3.5,3.6,2.7,2.6,3.5,3.7,1.8,1.5,3.9,3.8,4.3,4.3,3.3,3.4,2.6,2.7,4.6,4.5,3.3,3.2,4.6,4.3,4.1,3.9,3.4,3.7,2.6,2.5,2.1,2.3
47,6,6,具体-抽象,具体-抽象,自然,心理,社会角色,社会角色,22,22,子部分,隐喻扩展,有,有,边缘,边缘,核心,核心,阶段1,阶段1,结构隐喻,结构隐喻,5,5,变成,变成,介词短语,介词短语,有,有,有,有,学术,对话,3.4,3.4,2.8,2.9,2.0,2.2,2.0,1.8,3.9,4.0,2.4,2.0,2.1,2.2,4.2,4.0,2.4,2.9,3.7,3.8,2.9,2.5,2.2,2.3,3.1,3.1,1.9,1.8,3.5,3.4,2.0,2.3
48,6,6,具体-抽象,具体-抽象,社会,社会,社会角色,社会角色,8,17,子部分,子部分,有,有,边缘,核心,中间,中间,阶段4,阶段4,本体隐喻,本体隐喻,9,9,算,算,形容词性,形容词性,有,有,有,有,网络,网络,4.0,4.2,2.2,2.3,2.7,2.5,1.9,2.1,4.4,4.1,3.7,4.1,3.6,3.6,3.2,3.2,1.9,1.9,3.6,3.6,1.8,1.6,1.8,1.6,1.8,1.6,3.1,3.2,4.5,4.5,3.4,3.2
49,11,11,抽象-具体,抽象-具体,空间,空间,时间,时间,13,13,多义,多义,无,无,核心,核心,中间,中间,阶段1,阶段2,结构隐喻,结构隐喻,6,5,为,为,名词性,名词性,有,有,无,无,学术,学术,2.8,3.0,3.5,3.5,1.9,1.8,1.7,2.0,3.1,3.4,2.3,2.4,3.1,2.8,4.3,3.9,2.3,2.1,4.5,4.6,3.9,3.7,3.1,2.5,3.5,3.3,3.0,3.1,1.5,1.6,2.1,2.0
50,8,8,具体-具体,具体-具体,空间,空间,事件,事件,24,24,实例,实例,有,有,边缘,边缘,边缘,边缘,阶段4,阶段4,结构隐喻,本体隐喻,7,7,为,为,动词性,动词性,无,无,有,无,网络,网络,2.7,2.7,3.2,3.0,1.4,1.4,4.3,4.3,2.2,2.1,2.0,2.1,3.3,3.4,2.2,2.1,4.4,4.5,3.4,3.7,1.7,1.8,3.5,3.8,3.9,3.8,3.8,4.4,2.3,2.4,3.2,3.3
51,6,6,抽象-具体,具体-抽象,社会,社会,关系,关系,18,18,实例,实例,有,有,核心,核心,边缘,边缘,阶段4,阶段4,方位隐喻,方位隐喻,8,8,变成,像,介词短语,介词短语,无,无,无,无,网络,网络,1.9,2.1,3.2,3.2,4.4,4.6,3.5,3.3,4.1,4.0,2.0,1.7,1.7,1.7,3.3,3.0,2.9,2.7,2.4,2.4,3.5,3.5,2.5,2.3,3.9,3.9,3.2,3.2,1.8,2.0,3.5,3.5
52,12,12,具体-抽象,具体-抽象,社会,社会,状态,状态,7,5,多义,多义,有,无,桥接,桥接,中间,中间,阶段4,阶段4,本体隐喻,本体隐喻,1,1,像,像,动词性,动词性,无,无,有,有,新闻,新闻,3.6,3.7,1.9,1.9,1.8,1.7,1.5,1.5,3.5,3.9,1.8,1.4,4.3,4.3,2.9,2.8,3.8,3.2,3.2,3.2,3.9,3.9,3.0,2.8,4.4,4.2,3.8,3.4,3.4,3.4,2.6,2.3
53,12,7,具体-抽象,具体-抽象,心理,心理,抽象概念,抽象概念,20,20,隐喻扩展,隐喻扩展,无,无,核心,核心,核心,核心,阶段4,阶段4,方位隐喻,结构隐喻,1,1,是,是,介词短语,名词性,有,有,有,有,文学,新闻,2.5,2.6,1.7,1.9,2.7,2.5,3.9,4.4,3.9,4.2,3.9,4.4,2.8,3.1,2.6,2.2,2.4,2.3,2.2,2.5,2.2,2.4,2.2,2.1,1.8,1.7,4.0,4.1,4.1,4.1,2.8,2.9
54,10,10,抽象-抽象,抽象-抽象,感知,感知,事件,事件,13,13,实例,实例,无,无,核心,核心,边缘,边缘,阶段3,阶段3,结构隐喻,结构隐喻,5,5,成为,成为,介词短语,介词短语,有,无,无,无,文学,文学,3.5,3.4,2.9,2.9,4.2,4.2,2.5,2.6,2.8,2.8,3.9,4.2,4.0,3.7,1.7,1.9,3.6,3.9,3.3,3.1,3.7,3.6,1.6,1.6,2.0,2.3,1.9,2.0,2.6,2.7,2.9,3.0
55,1,1,抽象-抽象,抽象-抽象,空间,空间,社会角色,社会角色,12,12,实例,实例,无,无,桥接,桥接,中间,中间,阶段2,阶段2,结构隐喻,结构隐喻,3,3,是,是,动词性,动词性,有,有,无,无,对话,对话,2.1,2.2,2.6,2.5,1.6,1.5,3.4,3.4,2.8,2.6,1.5,1.9,2.8,3.0,2.0,2.3,2.9,2.9,4.6,4.4,4.3,4.2,4.2,4.1,4.3,4.3,1.9,1.8,2.6,2.8,1.7,2.0
56,12,12,具体-具体,具体-具体,自然,自然,抽象概念,抽象概念,5,5,实例,实例,无,无,边缘,边缘,核心,核心,阶段2,阶段2,本体隐喻,本体隐喻,6,6,成为,成为,动词性,动词性,有,有,无,无,网络,网络,3.5,3.5,2.7,2.8,3.9,3.8,4.1,3.8,3.2,3.2,3.7,3.8,4.0,4.3,3.9,4.4,4.0,4.0,3.1,3.0,3.1,3.0,2.6,2.5,3.8,4.0,2.0,2.0,2.5,2.6,1.7,2.0
57,6,6,具体-具体,具体-具体,自然,自然,抽象概念,抽象概念,24,24,实例,实例,无,无,边缘,桥接,核心,核心,阶段2,阶段2,结构隐喻,结构隐喻,5,5,像,像,动词性,动词性,无,无,无,无,对话,对话,3.6,3.8,2.8,2.8,2.8,2.6,3.9,3.7,2.7,2.7,2.3,2.3,3.4,3.4,2.8,2.5,2.9,2.9,3.3,3.1,2.5,2.8,2.0,2.3,3.1,2.6,2.5,2.4,3.3,3.2,2.1,2.0
58,12,12,具体-具体,具体-具体,社会,社会,事件,事件,24,24,多义,多义,有,有,桥接,桥接,核心,核心,阶段2,阶段2,结构隐喻,结构隐喻,1,1,像,像,形容词性,形容词性,无,无,有,有,文学,文学,1.5,1.7,3.7,3.5,2.2,2.2,3.8,3.9,1.8,1.9,2.1,2.2,2.5,2.3,4.1,4.0,4.2,4.4,2.2,2.3,3.2,3.3,2.7,2.3,1.7,1.9,2.6,2.7,1.9,1.9,3.8,3.9
59,6,5,抽象-具体,抽象-具体,感知,感知,品质,品质,11,11,多义,多义,有,有,桥接,桥接,边缘,边缘,阶段2,阶段2,结构隐喻,结构隐喻,8,8,变成,变成,动词性,动词性,有,有,无,无,网络,网络,1.7,1.8,2.1,2.1,1.9,2.2,3.6,4.0,4.0,3.7,3.1,3.1,3.0,3.0,4.0,4.1,2.1,2.0,2.1,1.9,4.0,4.4,1.7,1.5,4.1,4.2,1.6,1.7,2.2,1.9,3.5,3.7
60,2,9,具体-具体,具体-具体,心理,心理,抽象概念,抽象概念,7,7,实例,实例,有,有,核心,核心,中间,中间,阶段3,阶段3,结构隐喻,结构隐喻,6,6,变成,变成,名词性,形容词性,有,有,有,无,文学,文学,1.6,1.8,4.2,4.4,3.9,4.0,2.3,2.0,2.2,2.0,2.8,2.8,4.0,3.8,2.0,2.4,3.0,2.9,1.6,1.8,3.5,3.5,1.6,1.8,2.7,2.4,2.2,2.0,1.8,1.8,2.9,3.0
61,11,11,抽象-具体,抽象-具体,物体,运动,社会角色,社会角色,3,3,隐喻扩展,隐喻扩展,无,无,核心,核心,中间,中间,阶段1,阶段1,结构隐喻,结构隐喻,3,3,成为,成为,形容词性,形容词性,有,有,有,有,新闻,新闻,1.5,1.7,3.1,3.0,2.1,2.5,2.7,2.8,3.8,3.8,2.2,2.4,2.7,2.4,2.8,2.8,2.3,2.0,3.4,3.8,3.1,3.0,3.3,3.0,3.9,3.8,1.6,1.4,1.9,1.8,1.6,1.3
62,9,9,抽象-抽象,抽象-具体,社会,社会,社会角色,关系,13,13,实例,实例,有,有,核心,核心,中间,中间,阶段3,阶段3,结构隐喻,结构隐喻,2,2,算,算,动词性,介词短语,无,无,无,无,对话,对话,1.5,1.6,2.6,2.7,3.2,2.9,4.1,3.8,4.3,4.1,1.6,1.5,3.7,4.0,3.0,2.8,2.1,2.2,3.3,3.3,2.6,2.8,2.0,2.1,3.5,3.5,1.9,2.3,4.1,3.9,1.5,1.7
63,5,5,抽象-抽象,抽象-抽象,感知,感知,关系,关系,18,18,多义,多义,有,有,桥接,桥接,边缘,边缘,阶段3,阶段3,本体隐喻,本体隐喻,9,9,为,为,名词性,名词性,无,无,有,有,对话,新闻,2.2,2.7,1.4,1.6,2.5,2.5,1.6,1.9,2.9,3.1,2.6,2.5,3.7,3.6,4.2,4.2,2.9,2.9,3.1,2.9,1.5,1.6,3.5,3.5,3.1,3.2,2.8,2.6,2.1,2.1,4.5,4.2
64,1,1,抽象-具体,抽象-具体,空间,空间,时间,状态,3,3,多义,多义,无,无,核心,核心,边缘,边缘,阶段4,阶段1,结构隐喻,结构隐喻,6,6,是,是,介词短语,介词短语,无,无,有,有,对话,对话,3.8,3.5,2.4,2.5,4.3,4.0,4.4,4.6,2.2,2.4,2.8,2.8,1.4,1.2,3.3,3.5,1.9,1.9,4.2,4.2,1.8,1.9,2.9,2.5,3.3,3.6,4.0,3.9,3.0,2.9,2.0,2.4
65,10,12,具体-具体,具体-具体,心理,心理,时间,时间,3,3,多义,多义,无,无,核心,核心,边缘,边缘,阶段1,阶段1,结构隐喻,结构隐喻,8,6,变成,变成,动词性,动词性,有,有,有,有,文学,文学,3.2,2.9,3.3,3.4,2.1,1.8,2.2,1.9,1.5,1.4,2.7,2.9,4.2,4.2,2.8,2.7,1.9,1.8,3.4,3.4,3.1,3.0,1.4,1.9,2.8,2.7,4.4,4.6,3.8,3.3,2.0,2.1
66,10,10,具体-具体,具体-具体,心理,心理,情感,情感,24,24,子部分,子部分,无,无,桥接,桥接,核心,边缘,阶段1,阶段1,结构隐喻,方位隐喻,4,9,像,像,名词性,名词性,无,无,有,有,对话,对话,2.1,1.7,4.1,3.9,4.2,4.6,3.0,3.2,3.6,3.4,2.7,2.9,3.3,2.9,3.3,3.2,4.1,4.0,2.3,2.8,3.5,3.6,3.0,3.1,1.9,1.8,2.0,1.9,2.2,2.4,2.0,1.7
67,11,11,具体-具体,具体-具体,人体,人体,关系,关系,24,24,实例,实例,无,无,边缘,边缘,中间,中间,阶段4,阶段4,方位隐喻,方位隐喻,1,1,算,算,形容词性,形容词性,有,无,无,有,新闻,文学,1.7,1.7,3.6,3.6,1.6,1.7,2.6,2.4,3.3,3.0,2.5,2.6,4.3,4.4,4.0,4.0,2.5,2.6,2.3,2.3,1.9,2.2,3.5,3.4,3.3,3.4,3.5,3.5,2.9,2.6,3.6,3.6
68,10,10,抽象-抽象,抽象-抽象,运动,人体,情感,情感,9,9,隐喻扩展,隐喻扩展,有,有,边缘,边缘,核心,中间,阶段1,阶段1,方位隐喻,方位隐喻,2,2,成为,成为,介词短语,介词短语,有,有,有,有,文学,文学,1.8,1.8,3.1,3.0,2.2,2.2,4.3,4.5,3.7,3.4,4.6,4.9,1.7,1.7,2.4,2.6,3.8,3.7,3.1,3.1,3.5,3.3,3.2,3.2,2.6,3.0,2.5,2.6,2.0,2.1,3.6,3.6
69,7,7,抽象-抽象,抽象-抽象,运动,运动,时间,时间,8,8,多义,多义,无,无,桥接,桥接,核心,核心,阶段4,阶段4,结构隐喻,结构隐喻,5,5,是,是,名词性,名词性,有,无,无,无,新闻,新闻,2.7,2.6,3.0,2.8,2.8,2.6,3.3,3.0,4.5,4.5,4.1,4.0,3.9,4.2,2.7,2.7,2.9,2.9,2.3,2.5,3.3,3.1,2.1,2.2,2.9,3.0,4.3,4.0,4.6,4.1,4.6,4.5
70,2,2,具体-抽象,具体-具体,感知,感知,事件,事件,18,18,多义,多义,有,有,核心,核心,中间,中间,阶段4,阶段4,结构隐喻,结构隐喻,6,6,是,是,动词性,动词性,无,无,无,无,对话,对话,2.4,2.4,3.2,3.1,1.8,2.2,2.0,1.9,2.7,2.8,2.4,2.6,4.0,3.9,1.9,2.0,3.9,3.8,2.5,2.5,3.5,3.4,1.7,1.5,3.1,3.0,2.4,2.6,1.4,1.6,4.0,3.8
71,9,9,抽象-具体,抽象-抽象,社会,社会,事件,事件,14,14,实例,实例,无,无,桥接,桥接,中间,中间,阶段3,阶段3,结构隐喻,结构隐喻,9,9,像,像,形容词性,形容词性,有,有,有,有,文学,文学,3.5,3.6,4.3,4.4,2.5,2.2,4.2,3.9,3.5,3.6,4.4,4.5,3.7,3.4,3.4,3.1,2.1,2.4,3.7,3.4,3.0,3.1,2.6,2.8,1.9,1.8,2.4,2.5,3.2,3.2,1.7,1.5
72,3,3,抽象-具体,抽象-具体,空间,空间,社会角色,社会角色,23,23,实例,实例,无,无,桥接,桥接,中间,中间,阶段2,阶段2,结构隐喻,结构隐喻,6,6,成为,成为,介词短语,介词短语,无,无,无,无,对话,对话,3.5,3.2,4.5,4.4,4.6,4.4,2.7,2.7,1.7,2.0,1.8,1.5,3.3,3.3,4.8,4.5,1.7,1.9,2.2,2.5,2.7,2.7,3.5,3.4,2.2,2.2,3.0,3.1,4.1,4.1,3.8,4.0
73,4,4,抽象-抽象,抽象-抽象,心理,心理,社会角色,社会角色,2,2,多义,多义,有,有,核心,桥接,中间,中间,阶段4,阶段4,本体隐喻,本体隐喻,8,8,为,为,名词性,名词性,有,有,有,无,网络,网络,4.2,3.9,3.9,3.8,3.3,3.3,4.1,4.0,2.0,2.0,1.6,1.6,3.4,3.4,2.7,2.6,3.0,3.1,1.5,1.5,2.5,2.6,1.7,1.7,2.4,2.5,4.2,4.5,3.8,3.8,4.5,4.1
74,8,7,具体-抽象,具体-抽象,自然,自然,社会角色,社会角色,2,2,子部分,子部分,无,无,桥接,桥接,中间,中间,阶段2,阶段2,本体隐喻,本体隐喻,3,3,成为,成为,动词性,动词性,有,有,无,无,新闻,新闻,4.2,4.2,2.1,1.7,1.5,1.6,3.0,2.7,2.9,3.0,2.5,2.4,3.8,4.1,4.4,4.1,3.4,3.2,2.7,2.7,2.3,2.0,4.2,4.3,2.6,2.6,2.5,2.6,2.1,2.1,3.0,2.9
75,6,6,具体-抽象,具体-抽象,心理,心理,时间,时间,15,15,多义,隐喻扩展,有,有,核心,桥接,中间,中间,阶段2,阶段2,结构隐喻,结构隐喻,2,2,成为,成为,动词性,动词性,有,有,有,有,网络,网络,1.5,1.3,4.3,4.3,2.8,3.0,4.2,4.3,3.5,3.3,2.0,2.0,4.4,4.3,4.1,4.1,4.2,4.3,4.6,4.3,1.6,1.7,2.6,2.3,1.8,1.7,2.1,2.3,2.9,3.2,2.1,2.2
76,1,1,抽象-具体,抽象-具体,空间,空间,情感,情感,1,1,实例,实例,有,无,核心,核心,边缘,边缘,阶段3,阶段3,结构隐喻,结构隐喻,7,7,为,为,介词短语,介词短语,无,无,有,有,新闻,新闻,2.1,2.0,3.5,3.3,3.3,3.4,1.7,1.8,4.5,4.2,3.5,3.8,3.0,3.0,3.7,3.7,3.7,3.7,3.5,3.5,4.3,4.1,2.4,2.6,1.8,2.0,3.8,3.8,1.8,1.7,2.1,1.9
77,8,8,抽象-具体,抽象-具体,物体,物体,时间,时间,11,11,隐喻扩展,隐喻扩展,有,无,核心,核心,中间,中间,阶段3,阶段2,本体隐喻,本体隐喻,4,4,是,是,介词短语,介词短语,有,有,有,有,文学,文学,1.9,1.5,2.9,3.0,2.4,2.6,4.5,4.5,3.1,3.2,3.4,3.4,3.5,2.9,3.7,3.9,4.2,4.2,3.1,3.0,3.1,3.1,2.6,2.8,2.3,2.1,3.9,4.2,2.3,2.3,4.1,3.9
78,9,8,具体-具体,具体-具体,空间,空间,品质,关系,21,21,隐喻扩展,隐喻扩展,有,有,核心,核心,边缘,边缘,阶段2,阶段2,方位隐喻,方位隐喻,1,1,为,为,名词性,名词性,有,有,无,无,学术,学术,2.4,2.4,3.1,3.0,4.2,4.2,3.1,2.9,4.2,4.3,4.3,4.3,1.8,1.7,3.7,3.7,3.8,3.5,2.7,2.8,4.6,4.4,4.1,4.5,3.5,3.5,4.1,3.9,2.4,2.7,4.1,4.6
79,1,1,抽象-具体,抽象-具体,感知,感知,抽象概念,抽象概念,18,18,子部分,子部分,无,无,边缘,边缘,中间,中间,阶段2,阶段2,本体隐喻,本体隐喻,2,2,是,是,名词性,名词性,无,无,有,有,网络,网络,3.5,3.4,3.1,2.9,4.0,3.9,2.5,2.8,3.8,3.7,4.0,3.9,2.7,2.4,2.4,2.6,4.4,4.5,4.1,4.0,3.9,4.0,4.5,4.4,3.6,3.5,4.2,4.1,1.7,1.9,4.4,4.4
80,12,12,抽象-具体,抽象-具体,运动,运动,状态,状态,22,22,子部分,子部分,有,有,边缘,边缘,中间,中间,阶段2,阶段2,结构隐喻,结构隐喻,4,4,像,像,名词性,名词性,有,有,无,无,学术,学术,2.5,2.4,2.9,2.9,2.6,2.6,1.5,1.6,4.1,3.9,2.6,2.7,2.2,2.1,4.1,4.1,3.5,3.8,1.8,1.9,2.1,1.5,4.1,4.0,1.8,1.5,1.6,1.7,2.1,1.8,3.0,3.2
81,1,1,抽象-具体,抽象-具体,心理,心理,时间,时间,23,3,多义,多义,有,有,核心,核心,核心,核心,阶段4,阶段1,结构隐喻,结构隐喻,8,8,像,像,动词性,动词性,有,有,有,有,文学,文学,1.9,1.9,2.9,2.7,4.0,3.8,2.4,2.2,4.1,4.1,2.1,2.1,1.8,1.6,4.6,4.4,3.5,3.6,2.5,2.6,4.4,4.4,3.6,4.1,1.7,1.5,1.6,1.9,3.8,4.2,3.2,3.2
82,10,10,抽象-抽象,抽象-抽象,物体,物体,抽象概念,抽象概念,9,9,多义,多义,无,无,边缘,边缘,边缘,边缘,阶段3,阶段3,本体隐喻,本体隐喻,3,3,是,是,名词性,名词性,有,有,无,有,对话,对话,2.6,2.6,4.3,4.3,3.0,3.2,2.4,2.6,3.0,3.3,1.7,1.6,3.6,3.7,1.6,1.7,2.5,2.5,3.3,3.0,4.1,3.6,2.2,2.3,3.2,3.0,4.1,4.0,3.0,3.1,3.5,3.3
83,7,7,具体-具体,具体-具体,空间,空间,情感,情感,15,15,多义,多义,无,无,桥接,桥接,中间,中间,阶段4,阶段4,本体隐喻,本体隐喻,2,2,成为,成为,动词性,动词性,无,无,有,有,文学,学术,1.6,1.8,2.9,2.7,3.8,3.8,3.6,3.6,1.5,1.3,2.2,2.3,2.6,2.3,1.9,1.8,2.1,2.2,3.5,3.5,4.5,4.5,3.9,3.9,2.8,2.8,2.8,2.7,4.4,4.4,3.1,2.8
84,7,12,具体-抽象,具体-抽象,感知,感知,关系,关系,22,22,实例,实例,无,无,核心,核心,中间,中间,阶段1,阶段1,本体隐喻,本体隐喻,7,7,变成,变成,介词短语,介词短语,无,有,无,无,学术,学术,4.4,4.3,2.3,1.9,3.0,2.8,3.5,3.5,2.6,2.8,2.2,2.2,4.2,4.2,1.4,1.5,2.6,2.2,2.6,2.7,4.2,4.2,2.5,2.3,2.3,2.6,2.8,2.9,1.9,1.9,4.2,4.4
85,4,4,具体-抽象,具体-抽象,运动,运动,时间,时间,6,6,多义,多义,有,有,桥接,桥接,中间,中间,阶段4,阶段4,本体隐喻,本体隐喻,7,7,变成,变成,形容词性,形容词性,有,有,无,无,网络,网络,4.4,4.2,2.2,2.0,1.9,1.9,4.0,4.3,2.2,1.9,3.7,4.0,3.2,2.9,3.7,3.7,1.5,1.8,4.0,3.8,2.5,2.9,2.4,2.5,3.0,3.0,2.7,2.8,3.6,3.8,4.0,3.7
86,2,2,具体-具体,具体-具体,心理,心理,关系,关系,6,6,多义,多义,有,有,桥接,桥接,边缘,边缘,阶段4,阶段4,本体隐喻,本体隐喻,3,3,为,为,动词性,动词性,有,无,有,有,文学,对话,1.9,1.9,2.0,2.1,2.3,2.4,4.3,4.2,3.5,3.7,2.2,2.6,3.9,3.9,1.9,1.7,2.2,2.2,2.4,2.4,3.3,3.8,1.8,2.0,1.8,2.3,2.1,2.2,4.0,3.9,1.8,1.9
87,10,10,抽象-具体,抽象-具体,社会,社会,时间,时间,13,13,多义,多义,有,有,核心,核心,中间,中间,阶段4,阶段4,结构隐喻,结构隐喻,1,1,成为,成为,介词短语,介词短语,有,有,无,无,学术,学术,2.1,2.0,3.1,3.1,3.3,3.2,3.3,3.9,1.9,2.3,3.5,3.6,2.8,2.7,3.4,3.0,2.3,2.3,1.4,1.7,3.5,3.5,2.8,3.0,1.9,1.6,4.2,4.2,3.8,3.6,2.1,1.8
88,9,9,具体-具体,具体-具体,空间,运动,抽象概念,抽象概念,12,12,子部分,子部分,有,有,核心,核心,核心,核心,阶段4,阶段4,结构隐喻,结构隐喻,4,4,算,算,动词性,动词性,无,无,有,有,新闻,新闻,3.3,3.1,2.4,2.6,4.2,4.2,3.6,3.3,3.0,2.9,3.5,3.3,3.9,4.1,3.7,3.4,1.6,1.8,3.2,2.9,4.3,4.2,3.9,4.2,1.9,1.7,3.9,3.8,3.7,3.7,3.2,3.2
89,7,7,抽象-具体,抽象-具体,自然,物体,品质,品质,21,21,隐喻扩展,隐喻扩展,有,有,桥接,桥接,中间,边缘,阶段4,阶段4,方位隐喻,方位隐喻,7,7,变成,像,动词性,动词性,无,无,无,无,网络,对话,2.4,2.4,3.3,3.2,4.1,4.2,4.0,4.2,1.3,1.7,1.6,1.7,4.0,4.0,3.4,3.2,1.8,1.7,4.6,4.7,2.1,1.9,3.4,3.6,1.6,1.6,2.8,2.4,1.9,2.1,3.0,3.3
90,1,1,抽象-具体,抽象-抽象,感知,感知,关系,关系,2,2,隐喻扩展,隐喻扩展,无,无,边缘,边缘,边缘,边缘,阶段2,阶段2,本体隐喻,本体隐喻,6,6,像,像,名词性,名词性,有,有,无,有,对话,对话,1.6,1.7,4.2,4.5,4.1,4.2,2.1,1.8,1.9,1.8,1.5,1.7,2.9,3.0,3.2,3.3,2.9,3.0,2.5,2.7,2.9,2.7,2.7,2.9,2.2,2.0,3.2,3.4,3.1,2.7,1.6,1.5
91,10,10,抽象-抽象,抽象-抽象,运动,运动,事件,事件,14,14,多义,实例,无,无,核心,核心,边缘,边缘,阶段2,阶段2,结构隐喻,结构隐喻,5,5,像,像,介词短语,介词短语,有,有,无,无,新闻,新闻,1.7,1.5,4.4,4.3,3.0,3.3,1.6,1.8,2.7,2.5,3.1,2.8,4.2,4.3,4.3,4.3,2.3,2.2,2.3,2.5,3.1,3.2,3.6,3.3,3.7,3.9,3.3,3.1,4.1,4.3,3.1,3.0
92,8,8,具体-具体,具体-具体,空间,空间,事件,事件,17,17,实例,实例,无,无,桥接,桥接,核心,核心,阶段4,阶段4,结构隐喻,结构隐喻,3,3,像,像,名词性,名词性,无,无,有,有,文学,文学,3.7,3.6,2.4,2.5,1.9,1.8,3.5,3.8,3.6,3.7,4.2,4.1,2.6,2.6,2.4,2.5,2.2,2.2,2.9,2.6,1.3,1.5,3.6,3.3,3.9,3.6,2.8,3.0,3.2,3.2,4.3,4.3
93,11,11,抽象-抽象,抽象-抽象,社会,社会,社会角色,社会角色,3,3,实例,实例,无,无,核心,核心,核心,核心,阶段4,阶段4,结构隐喻,结构隐喻,6,6,成为,成为,介词短语,介词短语,有,有,无,无,网络,网络,2.1,2.3,2.0,2.3,1.4,1.5,2.4,2.3,3.5,3.5,3.2,3.4,2.6,2.6,3.7,3.3,4.4,4.5,2.1,2.0,2.0,1.8,3.4,3.5,4.1,4.0,4.2,4.3,2.7,2.5,3.0,3.0
94,6,6,具体-抽象,具体-抽象,运动,运动,品质,品质,6,6,隐喻扩展,隐喻扩展,有,有,桥接,桥接,核心,核心,阶段4,阶段4,结构隐喻,结构隐喻,8,8,成为,成为,动词性,动词性,无,无,有,有,对话,对话,3.1,3.2,1.8,1.5,2.7,2.7,2.8,2.6,2.8,2.8,4.0,3.9,2.9,3.1,3.4,3.5,1.9,2.0,3.2,3.4,3.5,3.5,2.6,2.1,3.5,3.6,2.8,2.8,1.6,1.5,3.4,3.6
95,1,1,抽象-具体,抽象-具体,心理,心理,社会角色,抽象概念,4,4,多义,多义,无,无,桥接,桥接,中间,中间,阶段1,阶段1,本体隐喻,本体隐喻,4,4,像,像,介词短语,介词短语,无,无,有,有,新闻,新闻,2.4,2.5,2.5,2.2,3.9,3.6,3.3,3.5,2.1,2.1,1.5,1.8,3.7,3.9,2.5,2.4,1.7,1.7,3.0,2.7,2.9,2.8,1.7,1.8,3.0,2.7,3.4,3.6,3.1,3.2,3.7,3.7
96,5,5,具体-抽象,具体-抽象,空间,空间,抽象概念,抽象概念,8,8,子部分,子部分,无,无,边缘,边缘,核心,核心,阶段1,阶段1,本体隐喻,本体隐喻,7,7,像,成为,动词性,动词性,无,无,无,无,对话,对话,3.0,3.2,3.2,3.0,1.9,2.5,4.1,4.3,2.5,2.4,2.7,2.8,2.5,2.5,2.4,2.5,4.3,4.1,2.6,2.7,2.3,2.5,1.6,1.6,1.8,1.8,2.2,2.4,4.2,3.9,1.6,1.6
97,1,1,具体-具体,具体-具体,空间,空间,状态,状态,10,10,隐喻扩展,隐喻扩展,无,无,桥接,桥接,核心,核心,阶段1,阶段1,方位隐喻,方位隐喻,5,5,算,算,动词性,动词性,无,无,有,有,网络,网络,4.5,4.4,3.3,3.4,2.1,2.1,4.1,4.1,3.1,3.0,1.7,1.6,1.8,1.7,3.7,3.6,2.2,2.4,3.5,3.9,2.3,2.0,4.1,4.3,2.1,2.3,2.7,2.6,2.0,2.1,2.5,2.6
98,8,8,抽象-抽象,抽象-抽象,感知,感知,状态,情感,11,11,子部分,子部分,无,无,核心,核心,边缘,边缘,阶段3,阶段3,结构隐喻,结构隐喻,9,9,变成,变成,动词性,动词性,无,无,有,有,对话,对话,3.4,3.8,1.8,1.7,1.9,1.9,3.7,3.7,4.5,4.3,2.5,2.6,1.4,1.5,2.4,2.6,3.0,3.2,2.1,2.1,3.9,3.7,4.0,4.2,2.8,3.0,3.3,3.4,4.6,4.4,4.3,4.3
99,12,12,具体-具体,具体-具体,运动,运动,时间,时间,1,1,子部分,子部分,有,有,边缘,边缘,边缘,边缘,阶段4,阶段4,结构隐喻,结构隐喻,7,7,变成,变成,形容词性,形容词性,无,无,有,有,新闻,新闻,2.6,2.6,2.2,2.4,3.4,3.6,2.8,2.7,3.6,3.5,2.4,2.3,4.0,4.2,2.1,2.2,4.2,4.0,4.7,4.5,3.0,3.0,2.0,2.4,2.2,2.3,4.2,4.5,2.0,2.1,3.2,3.1
100,3,3,具体-具体,具体-具体,运动,运动,情感,情感,16,16,子部分,子部分,无,无,桥接,桥接,边缘,边缘,阶段4,阶段4,本体隐喻,本体隐喻,8,8,算,算,介词短语,介词短语,有,有,无,无,对话,对话,4.6,4.7,1.7,1.8,2.5,2.4,4.0,3.7,1.9,1.9,4.1,4.5,3.6,3.5,4.5,4.6,2.9,3.2,2.8,3.1,2.4,2.2,2.1,2.1,2.6,2.2,4.2,4.4,3.3,3.1,4.3,4.2
101,10,10,抽象-具体,抽象-具体,心理,心理,状态,状态,22,22,多义,多义,无,无,边缘,边缘,边缘,边缘,阶段3,阶段3,结构隐喻,方位隐喻,3,3,成为,成为,介词短语,介词短语,无,无,无,无,对话,对话,1.3,1.3,3.8,3.8,3.1,3.4,1.9,2.0,3.9,3.9,4.1,3.7,1.9,2.1,1.6,1.9,4.1,4.1,1.9,2.2,2.7,2.5,2.7,2.5,4.2,4.5,3.9,3.8,2.7,3.0,4.0,4.3
102,2,2,具体-具体,具体-具体,自然,自然,抽象概念,抽象概念,11,11,隐喻扩展,隐喻扩展,无,无,桥接,桥接,边缘,核心,阶段1,阶段1,结构隐喻,结构隐喻,1,3,像,像,形容词性,形容词性,有,有,有,有,学术,学术,2.2,2.4,2.3,2.4,3.0,2.9,3.8,3.8,3.6,3.5,3.8,3.9,4.3,4.1,2.2,2.4,3.7,3.5,1.4,1.9,3.7,3.6,3.1,3.2,2.7,2.4,3.8,3.9,3.9,4.1,2.2,2.5
103,3,3,具体-具体,具体-具体,心理,心理,状态,状态,20,14,子部分,子部分,无,无,桥接,桥接,核心,边缘,阶段2,阶段2,方位隐喻,方位隐喻,5,5,成为,成为,形容词性,形容词性,有,无,无,无,文学,文学,3.0,3.1,3.3,3.3,4.5,4.6,3.0,3.1,4.1,4.0,1.8,1.4,3.6,3.7,4.0,3.9,3.4,3.2,3.9,3.7,2.7,2.6,1.3,1.5,1.9,1.8,1.9,1.8,3.1,2.8,2.4,2.2
104,1,1,具体-具体,具体-具体,自然,自然,状态,状态,10,13,实例,实例,有,无,桥接,桥接,核心,核心,阶段4,阶段4,本体隐喻,本体隐喻,3,3,为,为,形容词性,形容词性,无,无,无,无,文学,文学,2.6,2.4,2.7,3.0,4.6,4.3,2.0,2.2,3.5,3.4,3.0,3.1,3.7,3.7,2.2,2.1,3.6,3.7,2.1,2.1,2.7,2.6,4.0,3.9,2.8,2.7,4.3,4.2,2.4,2.5,2.4,2.7
105,1,1,抽象-抽象,抽象-抽象,运动,运动,状态,状态,14,14,实例,实例,无,无,边缘,边缘,核心,核心,阶段4,阶段4,方位隐喻,方位隐喻,9,9,像,像,介词短语,介词短语,无,无,无,无,对话,新闻,3.7,3.5,2.9,3.0,2.7,2.8,2.9,3.1,2.3,2.3,1.7,1.5,2.8,2.9,2.2,2.2,2.2,2.3,3.9,3.6,3.0,3.0,4.1,3.7,1.7,1.4,4.0,4.4,4.5,4.4,2.7,2.9
106,11,11,具体-具体,具体-具体,感知,心理,事件,事件,22,22,实例,实例,无,有,核心,核心,边缘,边缘,阶段3,阶段3,方位隐喻,方位隐喻,5,5,像,像,名词性,名词性,有,无,无,无,新闻,新闻,1.7,1.7,3.6,3.4,4.0,3.8,3.7,4.0,4.2,4.0,4.1,4.1,3.7,3.5,2.3,1.9,1.8,2.3,3.4,3.6,1.7,1.7,3.3,3.3,3.4,3.5,2.4,2.6,3.2,3.2,4.1,4.1
107,6,6,抽象-抽象,抽象-抽象,人体,人体,抽象概念,抽象概念,22,22,实例,实例,无,无,核心,核心,核心,核心,阶段2,阶段2,结构隐喻,结构隐喻,5,5,像,变成,形容词性,形容词性,有,有,无,无,对话,对话,2.3,2.5,3.2,2.5,2.7,2.7,3.7,3.3,3.2,3.0,2.9,3.1,3.1,3.3,3.3,3.1,4.2,4.0,4.4,4.4,3.5,3.6,4.2,4.0,3.8,3.9,3.0,2.9,1.3,1.6,3.0,3.1
108,8,7,抽象-抽象,抽象-抽象,物体,物体,品质,品质,22,2,子部分,子部分,有,有,边缘,边缘,核心,中间,阶段3,阶段3,结构隐喻,结构隐喻,1,1,算,算,形容词性,形容词性,有,有,有,有,对话,文学,4.1,3.8,2.0,2.3,2.4,2.4,1.7,1.8,3.8,3.7,2.0,1.7,3.8,3.5,1.5,1.8,3.9,4.1,1.7,1.8,1.9,1.9,3.0,3.0,2.9,2.8,2.8,2.5,2.9,2.8,3.8,3.9
109,4,4,抽象-具体,抽象-具体,社会,社会,社会角色,社会角色,21,21,子部分,子部分,有,有,桥接,桥接,中间,中间,阶段1,阶段1,本体隐喻,结构隐喻,9,9,是,是,介词短语,介词短语,无,无,无,有,网络,网络,2.8,2.8,2.6,2.9,1.6,1.4,3.4,3.5,3.0,2.7,4.5,4.2,2.9,2.4,4.0,3.9,1.8,2.0,3.2,3.3,4.1,4.0,1.9,1.7,3.3,3.0,3.6,3.7,2.9,2.9,3.1,3.2
110,8,1,具体-具体,具体-具体,运动,运动,社会角色,社会角色,7,7,隐喻扩展,隐喻扩展,有,有,边缘,边缘,中间,中间,阶段2,阶段2,方位隐喻,方位隐喻,6,6,算,算,介词短语,介词短语,无,无,无,无,学术,学术,2.5,2.0,3.9,4.1,3.8,3.8,4.3,3.9,3.9,3.7,2.7,2.5,3.2,3.3,2.7,2.4,3.1,3.0,3.6,3.5,3.2,3.1,3.2,3.1,4.2,3.9,1.9,1.5,1.7,1.8,2.4,2.0
111,8,8,抽象-具体,抽象-具体,自然,自然,状态,状态,20,1,实例,隐喻扩展,无,无,边缘,边缘,核心,核心,阶段3,阶段3,结构隐喻,结构隐喻,6,6,为,为,名词性,名词性,无,无,有,有,新闻,新闻,3.0,3.1,3.0,3.2,2.4,2.4,2.1,1.8,3.4,3.2,2.0,2.1,1.5,1.8,3.1,3.1,1.8,2.2,2.0,2.0,4.5,4.3,3.1,2.7,2.3,1.9,3.9,3.4,3.7,3.6,2.9,2.9
112,11,11,抽象-抽象,抽象-抽象,物体,物体,抽象概念,抽象概念,18,18,子部分,子部分,无,无,桥接,桥接,边缘,边缘,阶段4,阶段4,结构隐喻,结构隐喻,1,1,变成,变成,动词性,动词性,无,无,无,无,学术,学术,2.6,2.5,4.7,4.4,3.1,3.2,1.6,1.8,4.0,4.2,3.2,3.3,2.1,1.9,2.3,2.1,1.6,1.7,3.5,3.8,2.9,2.8,3.4,3.6,2.0,2.0,3.8,3.9,2.9,2.9,2.8,2.5
113,10,10,具体-具体,具体-具体,运动,运动,社会角色,社会角色,17,17,多义,多义,无,无,桥接,核心,中间,核心,阶段4,阶段4,方位隐喻,方位隐喻,1,1,算,算,介词短语,介词短语,有,有,无,无,网络,网络,2.2,2.5,3.9,4.0,1.7,2.0,1.5,1.7,2.6,2.5,2.8,3.1,3.8,4.1,1.7,1.6,3.1,3.1,3.0,3.1,4.5,4.6,2.5,2.6,2.6,2.3,1.8,2.0,1.7,2.0,4.7,4.5
114,10,10,具体-抽象,具体-抽象,人体,人体,事件,事件,12,12,实例,实例,有,无,核心,核心,中间,中间,阶段3,阶段2,本体隐喻,本体隐喻,7,7,像,像,形容词性,形容词性,无,有,有,有,对话,对话,4.0,4.0,4.0,3.8,1.5,1.7,1.4,1.7,4.2,4.0,2.3,2.5,3.4,3.5,4.4,4.2,3.2,3.3,2.6,2.5,3.3,3.2,2.5,2.5,2.3,2.2,2.2,2.0,2.5,2.4,3.0,3.0
115,8,8,具体-抽象,具体-抽象,感知,物体,关系,关系,22,22,实例,实例,无,有,边缘,边缘,边缘,边缘,阶段2,阶段4,结构隐喻,结构隐喻,2,2,变成,变成,形容词性,形容词性,有,有,有,有,网络,网络,4.0,4.2,3.9,3.8,3.8,3.7,1.6,1.4,4.0,4.1,3.6,3.7,3.9,4.2,4.0,4.2,2.9,2.8,2.5,2.4,2.0,1.8,4.4,4.4,4.2,4.3,1.5,1.6,3.1,2.8,1.7,1.8
116,11,11,抽象-具体,抽象-具体,感知,感知,关系,关系,6,6,多义,多义,有,有,边缘,核心,边缘,边缘,阶段1,阶段1,本体隐喻,结构隐喻,5,7,算,算,动词性,动词性,无,无,无,无,文学,文学,2.6,2.9,2.8,2.6,2.7,2.4,4.0,3.6,2.6,2.7,2.2,2.6,3.3,3.2,2.5,2.4,4.0,4.0,2.8,2.6,3.2,2.9,4.6,4.7,1.6,1.7,3.8,3.8,4.0,4.1,3.4,3.2
117,10,10,具体-抽象,具体-抽象,感知,感知,品质,品质,5,5,实例,实例,有,有,核心,核心,核心,核心,阶段1,阶段1,结构隐喻,结构隐喻,8,8,像,像,介词短语,介词短语,有,有,无,有,网络,网络,3.4,3.4,4.0,4.0,2.3,2.3,3.7,3.6,4.4,3.9,2.7,2.6,2.9,2.6,1.8,1.9,2.3,2.2,3.8,3.8,1.5,1.7,4.0,4.2,1.5,1.8,1.7,1.6,2.9,3.1,3.2,3.4
118,8,8,抽象-抽象,抽象-抽象,心理,空间,品质,情感,8,8,隐喻扩展,隐喻扩展,有,有,桥接,桥接,核心,核心,阶段4,阶段4,本体隐喻,本体隐喻,1,1,成为,成为,介词短语,介词短语,无,无,有,有,学术,学术,3.7,3.5,3.3,3.2,2.2,2.5,4.6,4.5,3.2,3.2,3.7,3.5,3.7,3.8,3.1,2.9,4.5,4.1,4.6,4.4,3.1,2.8,2.7,2.6,4.3,4.3,4.0,4.1,4.3,4.1,3.2,3.1
119,2,2,抽象-抽象,抽象-抽象,人体,人体,状态,状态,21,21,子部分,子部分,无,无,桥接,桥接,中间,核心,阶段4,阶段4,方位隐喻,本体隐喻,8,8,变成,变成,形容词性,形容词性,有,有,无,无,对话,对话,3.5,3.7,2.4,2.2,2.0,2.0,2.5,2.5,2.6,2.3,3.2,3.1,1.8,1.7,3.0,3.1,3.1,3.4,3.5,3.5,3.6,3.7,3.9,3.9,2.6,2.5,3.1,3.1,3.9,3.7,2.2,2.4
120,12,12,具体-抽象,具体-抽象,社会,社会,品质,品质,16,16,多义,隐喻扩展,有,有,边缘,边缘,中间,中间,阶段2,阶段2,本体隐喻,本体隐喻,4,4,为,为,形容词性,形容词性,无,无,有,有,网络,网络,2.3,2.5,1.8,2.1,1.8,1.7,3.3,3.9,2.3,2.3,2.4,2.5,3.5,3.3,3.3,3.0,3.0,3.5,2.2,2.3,2.0,1.9,4.3,4.5,2.9,3.1,2.2,2.1,3.5,3.4,2.0,2.4
121,7,7,具体-具体,具体-具体,心理,心理,事件,状态,9,22,多义,多义,有,有,核心,核心,中间,中间,阶段3,阶段3,方位隐喻,方位隐喻,1,1,算,算,介词短语,形容词性,无,无,有,有,对话,对话,3.6,3.5,3.2,3.0,2.2,1.9,3.1,2.7,1.7,1.9,4.2,4.4,3.4,3.1,4.3,4.1,3.0,2.9,2.0,2.0,2.0,2.0,4.3,4.6,3.3,3.3,2.0,1.8,3.1,3.5,2.0,1.9
122,12,12,具体-抽象,具体-抽象,人体,社会,社会角色,社会角色,20,20,多义,多义,有,有,桥接,桥接,边缘,边缘,阶段4,阶段4,方位隐喻,方位隐喻,8,8,是,是,形容词性,形容词性,有,有,无,无,学术,学术,4.2,4.2,3.3,3.1,3.9,3.8,3.3,3.3,1.6,1.8,3.6,3.6,1.5,1.7,3.5,3.4,2.2,2.2,1.8,1.7,3.9,3.7,2.2,2.3,4.0,4.0,1.8,1.8,3.6,3.5,1.9,1.8
123,1,1,具体-抽象,具体-具体,心理,心理,品质,品质,15,15,多义,多义,有,有,桥接,桥接,核心,核心,阶段2,阶段2,方位隐喻,方位隐喻,3,2,为,为,形容词性,形容词性,有,无,有,有,网络,网络,2.0,1.4,2.2,2.5,4.4,4.5,2.8,2.8,3.7,3.8,2.5,2.4,2.5,2.9,3.3,3.2,2.3,2.6,3.1,3.2,2.3,2.4,2.1,2.1,3.6,3.7,2.3,2.2,2.8,2.9,2.7,2.6
124,2,2,抽象-抽象,抽象-抽象,自然,自然,社会角色,社会角色,11,11,子部分,子部分,无,无,边缘,核心,核心,核心,阶段1,阶段1,方位隐喻,方位隐喻,7,3,为,为,名词性,名词性,无,无,无,无,新闻,新闻,1.7,1.7,3.2,3.2,3.1,2.9,2.8,2.5,2.5,2.6,4.1,4.1,2.9,3.0,1.8,1.9,3.1,3.1,4.2,4.4,4.2,4.1,3.2,3.0,2.5,3.0,1.6,1.8,2.8,2.6,3.6,3.4
125,3,3,具体-抽象,具体-抽象,空间,空间,品质,事件,3,3,实例,实例,无,无,核心,边缘,中间,中间,阶段2,阶段2,方位隐喻,方位隐喻,8,8,成为,像,名词性,名词性,无,无,无,无,新闻,文学,4.1,4.0,2.2,1.8,4.1,3.9,2.3,2.1,3.1,3.1,2.4,2.6,1.6,1.6,3.1,3.3,3.8,3.9,2.8,2.7,3.4,3.4,4.2,4.0,3.7,4.1,3.9,3.7,1.8,2.3,3.4,3.2
126,9,9,具体-具体,具体-具体,心理,心理,抽象概念,抽象概念,22,22,实例,实例,有,有,桥接,桥接,核心,边缘,阶段2,阶段2,本体隐喻,本体隐喻,3,1,变成,变成,介词短语,介词短语,无,无,无,无,学术,学术,3.3,3.4,3.9,3.8,2.3,2.3,3.0,3.3,4.2,3.8,4.2,4.4,2.3,2.4,3.4,3.1,1.9,1.8,2.0,1.9,3.3,3.4,3.2,3.3,3.6,3.5,2.4,2.5,3.1,3.3,1.6,1.7
127,8,8,具体-抽象,具体-抽象,社会,社会,状态,状态,12,12,实例,实例,无,无,边缘,边缘,中间,中间,阶段1,阶段1,方位隐喻,方位隐喻,9,2,成为,是,名词性,名词性,无,无,有,无,文学,文学,1.4,1.6,2.5,2.6,3.6,3.8,2.3,2.3,3.4,3.4,4.3,4.4,1.4,1.6,3.5,3.5,3.2,3.1,2.6,2.7,2.5,2.5,3.8,4.0,4.4,4.2,1.4,1.6,3.6,3.7,4.0,4.0
128,10,10,具体-具体,具体-具体,空间,空间,品质,品质,17,17,隐喻扩展,隐喻扩展,无,无,边缘,边缘,中间,中间,阶段3,阶段4,结构隐喻,结构隐喻,2,2,是,是,名词性,动词性,无,无,无,无,新闻,新闻,3.6,3.7,3.6,3.7,4.3,4.2,2.0,1.9,4.3,4.4,2.9,2.8,2.2,2.2,1.9,2.0,1.8,1.5,4.0,4.0,4.2,4.0,2.9,2.7,2.2,2.4,4.0,3.7,2.4,2.3,2.9,2.8
129,10,10,抽象-抽象,抽象-抽象,自然,自然,事件,事件,15,15,子部分,子部分,无,无,边缘,边缘,边缘,边缘,阶段4,阶段4,结构隐喻,结构隐喻,9,9,成为,成为,介词短语,介词短语,有,有,无,无,对话,对话,2.0,2.1,4.0,3.7,3.3,3.1,3.8,3.7,3.0,2.9,3.6,3.7,4.3,4.4,4.3,4.3,2.1,2.0,3.9,3.7,3.4,3.5,3.7,3.7,1.5,1.7,3.2,3.3,2.5,2.0,3.6,3.5
130,2,2,具体-抽象,具体-抽象,心理,心理,时间,时间,12,12,隐喻扩展,隐喻扩展,有,有,边缘,边缘,中间,中间,阶段1,阶段1,方位隐喻,结构隐喻,2,2,变成,变成,介词短语,介词短语,无,无,有,有,网络,网络,4.2,4.0,2.4,2.1,3.6,3.7,3.1,3.5,1.9,1.7,3.0,2.9,2.8,3.0,3.3,3.2,3.7,3.7,2.8,2.6,1.7,1.7,2.4,2.4,1.9,1.7,1.7,1.6,2.1,2.2,3.7,3.7
131,5,5,具体-抽象,具体-抽象,物体,物体,事件,事件,23,23,实例,子部分,有,有,边缘,边缘,中间,中间,阶段2,阶段2,本体隐喻,本体隐喻,8,8,成为,成为,动词性,动词性,无,无,有,有,文学,网络,2.8,3.0,3.0,3.2,2.1,2.0,2.4,2.0,2.6,2.8,4.1,4.2,4.4,4.3,3.0,2.5,2.4,2.4,2.9,2.8,2.9,2.6,4.1,3.8,3.0,3.4,1.9,2.4,1.5,1.8,2.9,2.9
132,1,1,具体-具体,具体-具体,自然,自然,状态,状态,19,19,多义,多义,有,有,核心,核心,边缘,边缘,阶段2,阶段2,结构隐喻,结构隐喻,5,5,成为,成为,介词短语,介词短语,有,有,有,无,对话,对话,2.4,2.6,1.9,2.2,2.5,2.9,3.5,3.3,2.0,2.0,4.1,4.3,4.1,3.9,3.5,3.3,2.5,2.4,3.3,3.2,1.7,2.0,3.8,3.9,2.3,2.1,2.6,2.4,4.1,4.1,3.7,3.9
133,3,3,抽象-抽象,具体-抽象,空间,空间,状态,状态,2,15,实例,实例,无,无,边缘,边缘,中间,中间,阶段4,阶段4,本体隐喻,方位隐喻,5,5,成为,成为,形容词性,形容词性,无,无,无,无,文学,文学,3.5,3.2,1.8,1.7,1.5,1.5,1.6,1.5,3.6,3.5,3.3,3.4,2.1,2.4,2.1,2.0,3.3,2.9,3.0,3.2,3.8,3.7,2.2,1.9,1.8,1.7,4.1,4.4,4.1,4.1,3.3,3.4
134,1,1,抽象-抽象,抽象-抽象,心理,心理,状态,关系,18,18,多义,多义,无,无,桥接,桥接,边缘,边缘,阶段4,阶段4,方位隐喻,方位隐喻,7,7,算,成为,形容词性,形容词性,有,有,无,无,新闻,新闻,1.8,2.1,1.6,1.5,1.9,1.8,4.3,4.6,2.9,2.8,3.1,3.1,4.2,4.3,2.8,2.9,2.6,2.9,2.3,2.2,2.0,2.2,4.3,4.1,4.2,4.0,2.6,2.9,1.9,2.0,3.8,3.9
135,9,9,抽象-抽象,抽象-抽象,社会,社会,社会角色,社会角色,8,8,多义,多义,有,有,边缘,边缘,核心,核心,阶段1,阶段1,结构隐喻,结构隐喻,1,1,变成,变成,名词性,名词性,有,有,无,无,新闻,新闻,3.1,3.0,4.2,4.5,2.4,2.4,2.2,2.1,1.6,1.7,2.5,2.7,2.4,2.2,3.4,3.8,3.8,4.0,3.6,3.6,1.3,1.7,1.8,1.8,4.1,4.2,3.7,3.3,4.0,4.0,3.4,3.5
136,11,11,具体-抽象,具体-抽象,感知,感知,情感,情感,9,9,子部分,隐喻扩展,有,有,核心,桥接,中间,中间,阶段3,阶段2,本体隐喻,方位隐喻,1,1,算,算,名词性,名词性,无,无,有,有,文学,文学,2.9,2.9,1.7,1.8,4.4,4.4,4.3,4.3,1.5,1.9,3.9,4.1,2.3,2.2,4.4,4.2,2.8,2.8,2.8,2.9,4.5,4.6,4.1,3.6,2.6,2.5,3.8,4.0,2.6,2.8,1.9,1.9
137,11,11,抽象-具体,抽象-具体,心理,心理,抽象概念,抽象概念,24,24,隐喻扩展,隐喻扩展,无,无,边缘,边缘,中间,中间,阶段2,阶段2,结构隐喻,结构隐喻,3,3,成为,成为,介词短语,介词短语,无,无,无,无,新闻,新闻,2.2,2.3,3.4,3.2,1.3,1.7,1.7,1.7,1.8,1.8,3.3,3.3,2.4,2.2,2.8,3.0,4.0,3.9,2.3,2.7,3.0,3.0,3.9,4.1,2.1,1.8,3.0,3.0,3.2,3.1,2.0,2.1
138,5,5,抽象-具体,抽象-具体,空间,空间,时间,时间,4,4,多义,隐喻扩展,无,有,核心,核心,核心,核心,阶段4,阶段2,本体隐喻,本体隐喻,7,7,像,像,动词性,动词性,无,无,有,有,学术,学术,3.7,3.7,1.7,1.6,3.0,2.8,3.6,3.3,3.4,3.7,1.5,1.8,2.8,3.0,3.6,3.5,1.6,1.6,2.2,2.4,1.7,1.4,3.9,4.1,2.1,2.4,1.9,1.9,3.1,3.2,2.9,2.7
139,6,6,抽象-抽象,抽象-抽象,运动,心理,品质,品质,9,9,子部分,子部分,无,无,边缘,边缘,核心,核心,阶段2,阶段2,结构隐喻,结构隐喻,1,1,为,为,介词短语,介词短语,无,无,有,有,网络,网络,2.6,2.4,3.7,3.9,3.7,3.9,2.0,2.0,2.0,2.2,3.4,3.3,1.8,1.7,3.0,2.9,4.0,3.8,4.3,4.3,3.0,2.7,2.1,2.1,3.4,3.8,4.3,4.3,3.6,3.7,2.7,2.5
140,8,8,具体-具体,具体-具体,自然,自然,抽象概念,抽象概念,2,2,多义,多义,有,有,桥接,桥接,核心,核心,阶段2,阶段2,本体隐喻,本体隐喻,1,8,成为,成为,名词性,名词性,无,无,有,有,对话,网络,4.1,4.1,2.9,2.8,3.1,3.0,4.7,4.3,3.7,3.7,2.2,2.1,4.3,4.0,3.3,3.1,1.7,1.7,2.4,2.5,2.4,2.4,1.8,1.8,3.6,3.5,2.7,2.8,3.3,3.0,2.6,2.5
141,3,4,具体-抽象,具体-抽象,运动,社会,社会角色,社会角色,9,9,隐喻扩展,隐喻扩展,有,有,核心,核心,中间,中间,阶段3,阶段3,本体隐喻,本体隐喻,6,6,为,为,名词性,形容词性,无,无,有,有,对话,对话,1.4,1.6,1.9,2.4,3.3,3.2,2.6,2.4,3.3,3.3,1.9,1.8,1.8,1.9,3.0,2.9,4.0,4.0,3.5,3.7,3.7,3.7,1.6,1.7,3.5,3.7,2.2,1.9,2.2,2.0,2.8,2.9
142,3,3,抽象-具体,抽象-抽象,物体,物体,品质,品质,12,12,隐喻扩展,隐喻扩展,有,有,边缘,边缘,核心,核心,阶段2,阶段2,本体隐喻,本体隐喻,6,6,像,像,介词短语,介词短语,无,无,有,有,新闻,新闻,3.9,3.9,3.4,3.4,3.9,4.1,1.5,1.6,3.1,3.4,4.3,4.2,2.9,2.8,3.5,3.7,4.4,4.4,2.5,2.4,1.4,1.7,1.4,1.5,4.0,4.2,3.8,3.7,2.5,2.7,3.1,3.1
143,4,4,抽象-具体,抽象-具体,自然,自然,抽象概念,抽象概念,6,6,隐喻扩展,隐喻扩展,有,有,核心,核心,核心,核心,阶段4,阶段2,结构隐喻,结构隐喻,5,5,为,为,形容词性,形容词性,有,有,有,有,对话,对话,2.8,3.0,2.4,2.7,3.1,3.4,1.3,1.3,2.1,2.2,4.2,4.5,1.8,2.1,3.4,3.6,3.8,4.1,2.2,2.4,1.7,1.8,3.3,2.8,4.2,4.2,4.0,4.2,2.6,2.6,4.1,4.2
144,1,1,抽象-抽象,抽象-抽象,物体,物体,关系,关系,1,1,多义,多义,无,无,核心,核心,边缘,核心,阶段2,阶段2,结构隐喻,结构隐喻,2,2,像,像,形容词性,名词性,有,无,有,有,学术,学术,2.7,2.5,1.9,2.1,3.6,3.8,4.1,4.2,3.9,4.4,3.6,3.6,3.5,3.4,1.5,1.5,4.1,4.3,2.8,2.9,2.7,2.6,2.0,2.0,4.5,4.6,3.6,3.9,4.2,4.2,2.3,2.4
145,10,3,具体-抽象,具体-抽象,感知,感知,状态,状态,19,3,子部分,子部分,无,无,桥接,桥接,边缘,边缘,阶段3,阶段3,本体隐喻,本体隐喻,6,6,成为,成为,形容词性,形容词性,无,无,无,无,文学,文学,4.4,4.2,3.8,3.9,1.8,1.7,1.8,1.6,3.0,3.1,3.1,3.3,2.8,2.9,1.8,1.8,2.9,3.0,4.4,4.4,2.6,2.9,3.8,4.2,2.5,2.8,2.7,2.7,1.7,1.4,1.8,1.4
146,12,12,抽象-具体,抽象-具体,空间,空间,抽象概念,抽象概念,24,24,隐喻扩展,隐喻扩展,无,无,核心,核心,边缘,边缘,阶段1,阶段1,方位隐喻,方位隐喻,2,2,算,算,介词短语,介词短语,无,无,有,有,文学,文学,2.1,1.9,2.8,2.5,3.6,3.9,4.0,3.7,2.6,2.7,2.8,2.9,1.8,1.4,3.7,3.8,4.6,4.4,4.1,3.9,3.0,2.9,2.0,1.8,4.4,4.1,4.3,4.4,3.9,4.1,2.6,2.5
147,9,9,抽象-具体,抽象-具体,人体,人体,情感,情感,22,22,多义,多义,有,无,核心,核心,边缘,边缘,阶段2,阶段2,本体隐喻,本体隐喻,2,2,为,为,名词性,名词性,无,无,有,有,网络,新闻,3.0,2.7,2.9,3.0,2.9,2.7,1.9,2.1,3.9,3.9,2.5,2.4,2.9,2.7,2.0,2.0,1.9,1.7,2.4,2.5,2.7,2.6,3.5,3.5,3.4,3.6,1.8,1.8,2.7,2.8,3.7,3.7
148,10,10,抽象-具体,抽象-具体,运动,运动,情感,情感,14,14,隐喻扩展,隐喻扩展,无,无,边缘,边缘,核心,核心,阶段4,阶段4,结构隐喻,结构隐喻,1,1,算,算,动词性,动词性,有,无,有,有,文学,对话,2.9,2.7,1.6,1.8,1.3,1.6,2.1,2.2,1.6,1.6,2.6,2.3,2.5,2.6,3.5,3.7,1.9,1.7,2.6,2.7,3.1,2.7,4.2,4.1,1.6,2.2,1.9,2.0,3.9,3.7,2.7,2.7
149,10,10,具体-抽象,具体-抽象,人体,人体,事件,事件,9,9,子部分,子部分,无,无,边缘,边缘,边缘,边缘,阶段1,阶段1,结构隐喻,结构隐喻,7,7,像,像,名词性,名词性,无,无,有,有,文学,文学,2.4,2.5,3.4,3.2,3.7,4.0,4.5,4.5,3.0,3.2,3.1,3.1,4.1,4.2,4.2,4.0,2.2,2.4,3.3,3.6,2.9,3.0,4.3,4.4,3.3,3.4,2.4,2.4,2.4,2.4,2.0,2.2
150,12,12,具体-抽象,具体-抽象,自然,自然,时间,时间,16,16,多义,多义,无,无,核心,桥接,中间,核心,阶段4,阶段4,结构隐喻,结构隐喻,3,3,是,是,介词短语,介词短语,有,有,有,有,文学,文学,1.6,2.0,3.0,2.8,4.4,4.3,3.4,3.4,3.8,3.7,2.5,2.4,3.1,3.3,4.3,4.4,3.1,3.1,3.0,2.8,4.1,4.4,4.1,4.0,2.7,2.5,2.0,2.1,1.7,1.8,2.8,2.9
151,6,6,具体-抽象,具体-抽象,社会,社会,状态,状态,23,23,实例,实例,有,有,边缘,边缘,边缘,边缘,阶段3,阶段3,结构隐喻,结构隐喻,4,4,像,像,名词性,名词性,有,有,有,有,新闻,新闻,4.1,4.1,3.7,3.6,3.3,3.4,2.0,1.9,4.0,3.9,2.1,2.1,3.8,3.7,3.9,3.8,2.1,2.1,4.0,4.2,3.1,2.9,2.0,2.1,1.7,2.0,3.0,2.6,4.2,3.9,3.5,3.5
152,1,1,抽象-具体,抽象-具体,感知,人体,事件,关系,18,18,实例,子部分,无,无,核心,核心,中间,中间,阶段2,阶段2,方位隐喻,方位隐喻,2,2,算,算,介词短语,介词短语,无,无,无,有,文学,文学,4.1,4.3,2.7,2.7,3.9,4.3,2.4,2.2,1.9,2.0,4.2,4.2,2.1,1.7,3.2,3.3,4.0,4.2,3.2,3.2,2.5,2.9,3.2,3.2,2.2,2.2,3.4,3.2,1.8,2.0,1.8,2.0
153,10,10,具体-具体,具体-具体,感知,感知,情感,情感,20,20,实例,实例,无,无,桥接,桥接,边缘,边缘,阶段3,阶段3,方位隐喻,方位隐喻,5,8,成为,成为,形容词性,形容词性,无,无,无,无,文学,文学,3.4,3.3,4.0,4.0,1.9,2.1,2.9,3.0,2.7,2.7,4.0,3.8,1.8,1.8,2.3,2.0,2.2,2.3,4.0,3.8,1.6,1.9,2.2,2.0,3.6,3.7,2.5,2.6,4.0,4.3,3.8,3.8
154,11,11,具体-抽象,具体-抽象,自然,自然,状态,状态,5,5,子部分,实例,无,无,边缘,边缘,核心,核心,阶段2,阶段2,本体隐喻,本体隐喻,8,8,为,变成,介词短语,介词短语,无,无,无,无,学术,学术,2.3,2.7,2.7,2.4,3.4,3.5,4.1,4.0,2.5,2.5,3.4,3.2,1.8,1.9,1.6,2.1,4.4,4.2,2.3,2.4,2.0,1.8,3.3,3.5,2.4,2.7,1.6,1.6,3.1,3.0,1.8,1.8
155,10,10,具体-具体,具体-具体,自然,自然,状态,状态,5,5,子部分,子部分,无,无,核心,核心,中间,中间,阶段1,阶段2,方位隐喻,方位隐喻,3,3,成为,成为,名词性,名词性,有,有,有,有,网络,网络,3.1,3.5,3.6,3.7,2.8,3.0,3.3,3.7,4.6,4.7,2.7,2.9,4.4,4.8,4.0,4.2,2.2,2.2,3.8,3.6,3.8,3.8,2.1,2.4,3.6,3.6,3.3,3.0,3.7,3.7,4.4,4.3
156,2,2,具体-具体,具体-具体,心理,物体,抽象概念,抽象概念,14,14,实例,实例,有,有,桥接,桥接,中间,中间,阶段1,阶段1,本体隐喻,本体隐喻,1,1,像,像,动词性,动词性,有,有,无,无,对话,对话,4.4,4.4,2.1,2.5,1.7,1.7,3.4,3.5,3.5,3.6,3.9,4.0,1.8,1.8,2.9,2.6,1.9,2.2,2.6,2.7,4.5,4.5,2.3,2.6,4.3,4.1,3.2,3.0,2.5,2.5,2.9,2.9
157,9,9,抽象-具体,抽象-具体,心理,心理,状态,状态,8,8,多义,多义,有,有,核心,核心,核心,核心,阶段3,阶段3,本体隐喻,本体隐喻,4,4,算,是,动词性,动词性,无,无,有,有,学术,学术,3.9,4.3,4.1,4.2,3.3,3.3,2.5,2.5,2.8,2.8,1.9,2.1,2.9,3.0,1.8,1.5,3.6,3.8,1.6,1.7,2.8,2.5,3.2,3.2,3.4,3.3,4.0,4.1,3.6,3.4,2.8,2.8
158,8,10,抽象-具体,抽象-具体,空间,空间,关系,关系,15,3,多义,多义,无,无,核心,核心,边缘,边缘,阶段3,阶段3,结构隐喻,结构隐喻,1,5,算,算,名词性,名词性,无,无,无,无,网络,网络,2.1,2.1,2.6,2.6,3.4,3.0,3.2,3.6,2.2,2.2,1.9,2.0,1.6,1.6,2.4,2.5,1.7,1.7,2.8,2.5,4.3,4.3,1.9,1.8,4.3,4.4,1.6,1.8,4.2,4.1,3.2,3.1
159,11,11,具体-抽象,具体-抽象,自然,自然,状态,状态,6,6,实例,实例,有,有,桥接,桥接,核心,核心,阶段4,阶段4,方位隐喻,方位隐喻,7,7,算,算,介词短语,介词短语,有,有,有,无,网络,网络,4.2,3.8,3.7,3.9,1.5,1.5,2.2,2.3,2.0,2.2,4.6,4.4,3.8,3.7,4.3,4.1,3.9,3.8,2.6,2.6,2.7,2.4,2.6,2.6,2.4,2.4,2.5,2.9,2.2,1.9,2.0,1.8
160,8,7,抽象-抽象,抽象-抽象,感知,感知,抽象概念,抽象概念,23,23,多义,多义,有,有,边缘,边缘,中间,核心,阶段1,阶段1,结构隐喻,结构隐喻,8,4,算,算,名词性,名词性,无,无,无,无,文学,文学,3.9,4.0,3.9,3.7,2.2,2.3,3.1,3.2,4.6,4.4,4.3,4.3,2.7,2.6,3.3,3.1,4.5,4.3,2.4,2.4,4.5,4.4,2.6,2.6,3.7,4.2,2.2,2.2,3.9,3.9,2.6,2.6
161,1,1,具体-抽象,具体-抽象,运动,运动,抽象概念,抽象概念,18,18,隐喻扩展,隐喻扩展,有,有,核心,核心,边缘,边缘,阶段1,阶段1,本体隐喻,本体隐喻,8,8,是,是,形容词性,形容词性,有,有,有,有,学术,学术,4.3,4.2,1.9,1.9,2.2,2.2,3.1,3.1,3.2,3.1,3.3,3.5,3.4,3.5,3.3,3.3,2.3,2.2,3.4,3.4,3.2,3.1,3.3,3.3,4.6,4.4,1.8,1.7,3.3,3.1,3.4,3.2
162,6,6,具体-抽象,具体-抽象,空间,空间,状态,状态,10,10,实例,实例,无,无,边缘,边缘,核心,核心,阶段3,阶段3,结构隐喻,结构隐喻,5,5,像,像,形容词性,形容词性,无,无,无,无,学术,学术,1.3,1.7,4.1,3.9,2.1,2.1,3.8,3.5,3.8,3.9,2.8,2.8,1.5,1.5,2.3,2.3,4.1,4.0,2.7,2.7,1.4,1.5,3.2,3.4,3.3,3.1,2.4,2.6,2.1,2.1,1.7,1.8
163,11,11,抽象-抽象,抽象-抽象,人体,人体,事件,时间,18,18,多义,多义,无,无,边缘,边缘,边缘,边缘,阶段2,阶段2,结构隐喻,结构隐喻,5,2,像,像,介词短语,介词短语,无,无,有,有,学术,学术,3.9,3.8,2.1,2.3,3.5,3.3,2.4,2.2,1.9,2.0,3.9,4.2,2.6,2.7,1.3,1.5,4.3,4.2,1.8,1.9,1.4,1.8,2.7,2.7,2.4,2.5,3.9,3.9,4.3,3.8,2.2,2.3
164,3,3,具体-具体,具体-具体,运动,运动,品质,抽象概念,17,17,多义,多义,有,有,桥接,桥接,中间,中间,阶段2,阶段2,结构隐喻,结构隐喻,3,3,成为,成为,名词性,名词性,有,有,无,无,学术,学术,3.1,3.1,3.4,3.2,2.9,3.1,2.1,1.6,3.9,3.7,3.6,3.6,1.8,2.0,4.4,4.1,2.3,2.7,2.3,2.3,4.5,4.6,3.9,4.1,2.3,2.6,2.1,2.3,2.3,2.3,3.0,3.0
165,7,7,具体-抽象,具体-抽象,运动,运动,事件,事件,6,23,子部分,子部分,有,有,边缘,边缘,核心,核心,阶段3,阶段3,本体隐喻,本体隐喻,4,4,成为,成为,名词性,名词性,无,有,有,有,网络,网络,3.2,3.2,3.3,3.1,2.7,2.5,4.6,4.3,2.3,2.4,3.9,3.8,2.3,2.1,1.9,1.9,3.8,3.9,2.9,3.1,2.6,2.4,3.4,3.6,2.9,2.7,3.9,4.5,4.4,4.3,3.4,3.5
166,8,8,具体-具体,具体-具体,空间,空间,品质,品质,23,23,多义,隐喻扩展,有,有,边缘,核心,边缘,边缘,阶段4,阶段4,本体隐喻,本体隐喻,9,9,是,是,动词性,动词性,有,有,无,无,新闻,新闻,2.4,2.4,3.4,3.4,2.9,2.9,2.1,1.7,3.6,3.5,3.4,3.4,2.1,1.8,4.5,4.7,1.8,1.5,3.0,3.1,1.5,1.4,3.9,3.9,3.7,3.5,3.4,3.8,2.5,2.5,2.5,2.4
167,5,4,具体-抽象,具体-抽象,感知,感知,品质,品质,22,22,隐喻扩展,隐喻扩展,有,有,核心,核心,中间,核心,阶段4,阶段4,本体隐喻,本体隐喻,2,2,为,为,形容词性,形容词性,无,无,有,有,对话,对话,3.8,3.6,3.8,3.9,4.5,4.5,2.4,2.3,4.4,4.2,4.6,4.2,3.0,2.7,4.1,4.1,4.2,4.1,1.5,1.5,1.7,1.7,3.1,3.1,2.7,2.8,2.0,1.8,3.7,3.5,3.4,3.5
168,4,4,具体-抽象,具体-抽象,人体,人体,情感,情感,1,1,实例,实例,无,无,桥接,桥接,中间,中间,阶段3,阶段3,结构隐喻,结构隐喻,7,7,为,像,形容词性,形容词性,有,有,无,无,文学,文学,2.9,2.7,4.0,4.1,1.7,1.6,3.9,4.3,2.7,2.7,2.1,2.6,4.1,4.2,1.9,2.0,2.9,3.0,2.0,2.1,3.2,3.1,2.7,2.7,4.1,3.7,2.3,2.3,3.7,3.7,1.9,2.1
169,5,5,具体-具体,具体-具体,物体,物体,品质,品质,24,24,隐喻扩展,隐喻扩展,有,有,桥接,桥接,边缘,边缘,阶段3,阶段2,结构隐喻,结构隐喻,1,1,成为,成为,动词性,动词性,有,有,无,无,文学,文学,2.5,2.7,2.1,1.9,2.0,2.3,3.4,2.9,4.2,4.3,2.2,2.4,2.8,2.6,4.5,4.6,2.2,2.1,3.4,3.5,2.2,2.4,2.6,2.7,3.6,3.3,1.5,1.8,3.0,3.0,2.9,2.8
170,6,6,抽象-抽象,抽象-抽象,感知,感知,抽象概念,抽象概念,7,7,隐喻扩展,隐喻扩展,无,无,桥接,桥接,边缘,边缘,阶段4,阶段4,方位隐喻,方位隐喻,7,7,算,算,介词短语,介词短语,无,无,无,无,新闻,新闻,4.3,4.3,1.9,2.3,3.4,3.1,2.1,2.2,2.8,2.8,3.3,3.3,4.2,4.3,3.6,3.8,3.0,3.2,2.6,2.4,3.8,3.8,2.2,2.1,2.1,2.6,1.8,1.7,4.2,3.9,2.7,2.7
171,4,4,具体-具体,具体-具体,感知,感知,状态,状态,1,1,隐喻扩展,隐喻扩展,有,有,边缘,边缘,核心,核心,阶段3,阶段3,方位隐喻,方位隐喻,5,5,变成,变成,动词性,动词性,无,无,有,无,文学,文学,3.0,2.8,1.8,1.9,4.3,4.6,2.6,2.9,3.8,3.8,2.6,2.3,3.9,3.5,4.2,4.1,2.2,2.4,2.5,2.5,4.5,4.4,3.7,3.9,4.1,3.9,3.6,3.5,2.5,2.6,1.6,1.5
172,1,1,具体-抽象,具体-抽象,空间,空间,抽象概念,情感,14,14,实例,实例,有,有,边缘,边缘,中间,中间,阶段4,阶段4,方位隐喻,方位隐喻,4,4,为,为,介词短语,介词短语,有,有,无,无,对话,对话,4.0,4.0,3.7,3.6,3.7,3.9,4.1,4.1,2.9,3.1,1.7,1.5,3.3,3.7,4.1,3.8,3.9,3.7,1.7,1.8,2.6,2.7,4.0,4.0,3.7,3.7,2.1,2.3,4.0,4.0,4.5,4.4
173,6,6,抽象-具体,抽象-具体,心理,心理,事件,事件,16,16,多义,多义,有,有,核心,核心,边缘,边缘,阶段1,阶段1,方位隐喻,方位隐喻,7,7,成为,成为,动词性,动词性,有,有,有,无,网络,网络,2.1,2.1,3.0,2.7,3.9,3.9,4.5,4.3,1.7,1.9,4.3,4.4,3.8,4.0,4.4,4.2,2.6,2.4,2.8,2.5,3.6,3.8,1.9,2.0,3.3,3.3,2.5,2.2,3.1,3.3,3.6,3.9
174,11,11,抽象-抽象,具体-抽象,感知,感知,时间,时间,23,20,多义,多义,有,有,边缘,边缘,中间,中间,阶段2,阶段2,结构隐喻,结构隐喻,6,6,像,像,介词短语,名词性,有,有,无,无,文学,文学,3.6,3.8,1.8,1.9,3.7,3.9,3.2,3.4,3.4,3.5,4.4,4.3,3.5,3.4,4.0,3.9,1.6,1.6,1.5,1.7,3.6,3.6,3.9,3.9,2.0,2.2,3.7,3.9,1.4,1.7,3.2,3.4
175,12,12,具体-具体,具体-具体,心理,心理,事件,事件,17,17,实例,实例,无,无,桥接,桥接,中间,中间,阶段3,阶段3,本体隐喻,本体隐喻,1,1,算,算,介词短语,介词短语,有,有,有,有,新闻,新闻,3.5,3.6,3.3,2.8,1.9,1.5,2.5,2.4,2.6,2.4,1.4,1.6,2.1,2.1,3.1,3.2,1.9,1.7,2.4,2.3,3.1,3.0,3.9,3.8,3.0,3.3,3.3,3.3,2.6,2.6,2.4,2.6
176,3,3,具体-抽象,具体-抽象,运动,运动,状态,状态,4,4,多义,多义,有,有,边缘,边缘,边缘,边缘,阶段3,阶段4,结构隐喻,结构隐喻,7,7,像,像,形容词性,形容词性,无,无,无,无,文学,文学,2.9,3.2,4.5,4.6,2.3,2.2,3.8,3.9,1.5,1.6,4.1,4.1,4.0,4.1,1.6,1.6,2.2,2.1,1.6,1.8,2.5,2.3,3.3,3.1,2.7,2.6,4.4,4.1,3.9,4.3,3.8,4.0
177,3,3,具体-抽象,具体-抽象,感知,感知,品质,品质,15,15,子部分,子部分,有,有,边缘,边缘,边缘,边缘,阶段4,阶段4,本体隐喻,本体隐喻,4,4,算,算,动词性,动词性,无,无,有,有,网络,网络,1.8,1.9,3.2,3.3,3.2,3.1,4.3,4.1,3.3,3.4,2.9,3.1,2.5,2.8,2.2,2.4,2.9,3.0,4.0,4.0,3.8,4.1,3.7,3.6,1.4,1.6,2.5,2.6,2.4,2.2,3.6,3.4
178,4,4,具体-抽象,具体-抽象,心理,心理,时间,时间,20,20,隐喻扩展,隐喻扩展,无,无,边缘,边缘,中间,中间,阶段3,阶段3,方位隐喻,结构隐喻,6,6,算,算,名词性,名词性,有,有,无,无,网络,网络,1.7,2.0,4.1,4.0,1.8,1.5,4.4,3.8,3.3,3.4,2.9,3.0,2.3,2.1,3.2,3.1,3.5,3.4,2.2,2.1,1.7,1.6,4.5,4.1,4.6,4.4,2.7,2.4,3.6,3.7,2.0,1.9
179,7,5,具体-抽象,具体-抽象,物体,物体,时间,时间,18,18,隐喻扩展,隐喻扩展,无,无,边缘,边缘,边缘,边缘,阶段4,阶段4,结构隐喻,结构隐喻,6,6,为,为,动词性,名词性,无,无,无,有,文学,文学,3.5,3.4,1.7,1.6,2.6,2.5,2.1,2.0,4.3,4.2,2.0,1.9,3.9,4.1,2.3,2.2,2.8,3.3,1.8,1.7,1.9,2.0,3.0,2.9,3.5,3.8,1.8,2.2,2.7,2.9,3.1,3.3
180,5,5,具体-具体,具体-具体,心理,运动,事件,事件,14,14,多义,隐喻扩展,无,无,核心,核心,中间,中间,阶段2,阶段2,本体隐喻,本体隐喻,6,6,成为,成为,名词性,名词性,有,有,有,有,新闻,新闻,4.3,4.3,4.1,4.2,2.0,2.3,2.5,2.6,2.0,1.7,2.2,2.3,3.5,3.4,2.8,2.8,3.6,3.8,4.1,4.1,1.8,2.1,3.9,3.8,2.5,2.4,2.1,2.6,2.6,2.4,2.4,2.3
181,8,8,具体-具体,具体-具体,空间,空间,品质,品质,21,21,隐喻扩展,隐喻扩展,无,无,边缘,边缘,边缘,边缘,阶段4,阶段4,方位隐喻,方位隐喻,6,6,是,是,名词性,名词性,无,无,无,无,新闻,新闻,3.4,3.4,3.5,3.3,3.5,3.4,2.2,2.0,2.7,3.0,2.2,2.5,2.2,2.1,1.8,1.9,3.4,3.4,3.4,3.3,2.5,2.4,4.4,4.4,3.0,3.2,4.0,4.3,4.0,4.3,3.9,3.8
182,10,10,抽象-抽象,抽象-抽象,感知,感知,社会角色,社会角色,14,14,隐喻扩展,隐喻扩展,无,无,核心,核心,中间,中间,阶段3,阶段3,方位隐喻,方位隐喻,9,9,变成,变成,名词性,名词性,无,无,无,无,文学,文学,3.0,3.0,3.0,3.2,1.8,1.8,2.2,2.3,2.0,2.5,3.1,3.2,4.1,4.0,4.6,4.3,3.3,3.0,4.4,4.4,2.2,2.4,2.8,2.8,4.3,4.1,1.9,1.7,2.7,3.2,2.7,2.8
183,7,7,具体-抽象,抽象-抽象,心理,心理,抽象概念,抽象概念,9,13,多义,多义,无,无,桥接,桥接,核心,核心,阶段4,阶段4,方位隐喻,方位隐喻,3,3,成为,成为,动词性,动词性,无,无,有,有,网络,网络,2.9,3.0,1.8,1.7,3.6,4.0,2.6,2.5,3.1,2.8,3.0,2.8,2.9,2.9,1.6,2.1,3.6,3.5,3.2,3.4,2.5,2.3,2.9,3.0,2.0,1.5,2.5,2.8,3.6,3.6,2.2,2.3
184,2,2,抽象-抽象,抽象-抽象,人体,人体,时间,时间,15,15,实例,实例,无,无,核心,核心,中间,中间,阶段3,阶段4,本体隐喻,本体隐喻,8,8,变成,变成,形容词性,介词短语,有,有,有,有,新闻,新闻,1.8,2.1,2.8,2.8,3.1,3.4,1.6,1.7,3.8,3.7,2.3,2.2,2.0,2.1,1.8,1.6,4.2,3.9,3.7,3.6,1.8,2.0,3.3,3.4,2.1,2.2,3.8,4.2,3.1,2.8,4.2,4.1
185,1,1,具体-抽象,抽象-抽象,空间,空间,状态,状态,7,7,隐喻扩展,隐喻扩展,无,无,桥接,桥接,边缘,边缘,阶段3,阶段3,结构隐喻,方位隐喻,6,6,变成,变成,形容词性,形容词性,有,有,有,有,对话,对话,1.6,1.7,2.9,3.1,2.7,2.8,4.3,3.9,4.2,4.2,3.8,3.9,3.2,3.2,3.5,3.4,1.7,1.7,2.5,2.6,2.9,2.5,3.1,2.9,4.2,4.3,2.1,2.2,2.4,2.6,4.5,4.2
186,4,4,具体-抽象,具体-抽象,感知,感知,状态,状态,2,2,子部分,子部分,有,有,核心,核心,中间,中间,阶段3,阶段3,本体隐喻,本体隐喻,8,8,成为,成为,形容词性,形容词性,无,无,有,有,新闻,对话,4.0,3.9,1.9,1.9,1.9,1.8,4.0,4.0,2.6,2.5,2.6,2.5,4.4,4.4,3.4,3.1,4.0,4.1,3.5,3.6,2.9,2.7,2.2,2.6,1.5,1.6,2.2,2.1,4.4,4.5,4.0,4.1
187,2,2,抽象-具体,抽象-具体,物体,物体,抽象概念,抽象概念,7,7,多义,多义,有,有,核心,核心,中间,中间,阶段4,阶段4,本体隐喻,本体隐喻,9,9,是,是,动词性,动词性,无,无,有,有,对话,对话,4.1,4.1,2.5,2.5,3.6,3.7,4.4,4.4,3.4,3.4,2.3,1.9,1.8,1.9,3.2,3.0,2.6,2.7,3.1,3.2,4.1,4.1,3.4,3.1,3.4,2.9,1.6,1.6,2.1,2.0,1.9,1.7
188,10,10,抽象-具体,抽象-抽象,自然,自然,情感,情感,2,2,多义,多义,无,无,核心,核心,中间,核心,阶段3,阶段3,方位隐喻,方位隐喻,7,4,为,为,介词短语,介词短语,有,有,无,无,对话,对话,3.8,3.5,4.1,4.4,3.9,4.0,1.6,2.1,2.3,2.2,2.9,2.8,2.2,2.5,2.9,2.6,2.3,2.4,1.8,1.9,4.5,4.2,3.6,3.9,3.1,3.1,4.2,4.1,3.0,3.4,3.7,3.9
189,1,1,具体-抽象,具体-抽象,人体,人体,品质,品质,23,23,多义,多义,无,无,边缘,边缘,边缘,边缘,阶段3,阶段3,结构隐喻,结构隐喻,2,2,算,算,动词性,动词性,无,有,无,无,学术,学术,3.8,3.9,1.6,1.5,4.1,4.1,3.0,3.1,3.9,3.8,3.6,3.4,2.4,2.0,4.5,4.2,4.0,4.1,1.9,1.7,2.5,2.4,1.3,1.4,4.7,4.5,4.1,4.0,2.1,2.0,2.0,1.5
190,2,2,抽象-具体,抽象-具体,自然,自然,社会角色,抽象概念,19,19,子部分,子部分,无,有,桥接,桥接,中间,中间,阶段4,阶段4,方位隐喻,方位隐喻,1,1,变成,变成,动词性,动词性,无,无,无,无,文学,新闻,2.2,2.0,3.0,3.2,1.9,1.8,1.7,1.7,3.9,4.3,2.5,2.5,2.4,2.2,2.3,2.6,3.4,3.2,3.3,3.4,4.5,4.3,2.1,2.2,2.7,3.0,1.9,2.0,2.0,1.6,2.0,1.7
191,11,11,抽象-具体,具体-抽象,社会,社会,关系,关系,9,9,子部分,子部分,有,有,核心,边缘,核心,核心,阶段2,阶段2,方位隐喻,方位隐喻,4,4,算,算,介词短语,介词短语,有,有,无,无,文学,文学,1.7,1.9,3.6,3.8,4.5,4.5,3.3,3.5,2.8,2.6,2.4,2.5,1.8,1.9,2.4,2.5,1.8,1.7,2.1,2.5,3.1,3.1,4.7,4.7,4.4,4.5,3.9,3.6,1.6,1.8,1.9,1.8
192,6,6,具体-抽象,具体-抽象,物体,物体,状态,状态,20,20,隐喻扩展,多义,无,有,边缘,边缘,中间,中间,阶段4,阶段4,方位隐喻,方位隐喻,9,9,变成,算,名词性,动词性,有,有,有,无,学术,学术,1.8,1.8,4.4,4.4,2.4,2.7,1.9,1.9,4.3,4.0,2.0,1.9,2.8,2.9,4.4,4.5,2.0,2.3,2.9,3.0,3.9,4.2,3.9,4.1,1.5,1.6,4.1,4.5,3.6,4.0,3.4,3.2
193,3,3,具体-具体,抽象-具体,运动,运动,时间,时间,20,20,隐喻扩展,隐喻扩展,无,无,核心,核心,中间,中间,阶段1,阶段1,结构隐喻,结构隐喻,3,3,算,算,名词性,名词性,有,有,有,有,文学,文学,3.4,3.4,3.5,3.5,2.2,2.3,2.5,2.8,4.3,4.4,1.9,1.6,3.9,3.9,4.1,4.1,4.3,4.2,2.1,2.2,1.6,1.6,4.3,4.6,2.3,2.3,2.2,2.6,2.4,2.2,2.7,2.4
194,9,9,抽象-具体,抽象-具体,社会,社会,事件,事件,20,20,多义,多义,有,有,桥接,桥接,边缘,核心,阶段2,阶段1,本体隐喻,本体隐喻,1,1,成为,成为,动词性,动词性,有,有,有,有,网络,网络,2.7,2.8,1.6,1.7,2.9,2.8,2.4,2.4,3.3,3.5,2.2,2.1,2.1,2.1,3.1,2.8,2.7,2.8,2.9,2.7,1.6,1.8,3.3,3.9,2.3,2.3,3.6,3.6,3.0,3.4,4.1,4.0
195,5,5,具体-具体,具体-具体,运动,运动,时间,时间,10,15,实例,实例,无,无,核心,核心,边缘,中间,阶段4,阶段4,本体隐喻,本体隐喻,2,2,是,是,形容词性,形容词性,有,有,无,有,对话,对话,1.5,1.7,3.6,3.7,2.8,2.7,2.6,2.4,3.4,3.2,3.6,3.6,3.9,3.8,2.3,2.3,2.4,2.3,4.1,4.0,2.9,2.8,2.7,2.8,2.0,1.8,2.0,2.4,3.0,3.1,3.7,3.9
196,1,5,抽象-抽象,抽象-抽象,感知,自然,时间,时间,5,1,多义,隐喻扩展,无,无,桥接,桥接,边缘,边缘,阶段3,阶段3,结构隐喻,本体隐喻,2,7,成为,是,动词性,动词性,有,有,无,无,文学,文学,4.1,4.3,3.8,3.7,3.5,3.2,2.2,2.0,2.6,2.7,3.0,3.0,3.2,3.2,1.9,1.8,2.1,2.0,3.5,3.5,2.8,2.8,1.8,1.7,4.3,4.5,3.2,3.3,4.2,4.1,3.7,3.6
197,2,2,具体-具体,具体-具体,感知,感知,抽象概念,抽象概念,15,15,实例,实例,有,有,边缘,核心,核心,核心,阶段1,阶段1,本体隐喻,本体隐喻,9,9,变成,变成,动词性,动词性,无,无,无,无,对话,对话,2.2,2.1,3.0,3.2,3.1,3.2,2.0,1.9,3.8,3.8,4.0,3.8,2.3,2.4,4.0,3.8,3.3,3.2,2.8,3.0,2.8,2.9,2.8,2.7,4.3,4.7,2.5,2.5,3.9,4.2,4.4,4.3
198,8,8,抽象-抽象,抽象-抽象,心理,心理,关系,状态,8,8,子部分,子部分,有,有,边缘,边缘,边缘,边缘,阶段1,阶段1,方位隐喻,方位隐喻,5,5,为,为,介词短语,动词性,无,无,有,有,文学,文学,1.4,1.7,2.8,2.7,1.6,2.1,1.5,1.5,3.9,3.9,3.5,3.4,3.3,2.9,3.5,3.6,4.3,4.7,2.8,2.9,2.0,2.2,2.7,2.5,2.2,2.1,3.6,3.3,3.7,3.6,3.3,3.3
199,9,9,具体-抽象,具体-抽象,人体,人体,抽象概念,抽象概念,12,17,多义,多义,无,无,桥接,核心,中间,中间,阶段3,阶段3,方位隐喻,方位隐喻,7,8,为,为,形容词性,名词性,有,有,有,有,新闻,文学,2.8,2.9,3.1,2.7,2.4,2.4,3.8,3.6,1.7,1.5,3.4,3.3,2.9,2.9,1.9,1.6,1.9,2.1,2.6,2.6,3.1,3.2,1.8,1.9,3.0,3.2,3.0,3.5,4.4,4.0,4.0,4.1
200,8,8,具体-抽象,具体-抽象,社会,社会,情感,情感,1,14,多义,多义,有,有,核心,核心,边缘,边缘,阶段3,阶段3,方位隐喻,方位隐喻,8,8,算,算,介词短语,介词短语,无,有,有,有,对话,对话,2.2,2.0,4.3,4.2,4.0,4.0,4.5,4.1,2.0,2.2,1.9,1.9,2.2,2.2,3.6,3.9,2.4,2.1,3.4,3.6,3.7,3.8,2.6,2.7,1.8,1.8,3.5,3.3,3.1,3.2,2.2,2.2
